{
    "any_group_can_deploy": false,
    "auto_historical_resources": false,
    "blueprint_image": "/static/uploads/blueprints/vRA_to_CMP.png",
    "deployment_items": [
        {
            "action_name": "Migrate vRA Metadata (1)",
            "continue_on_failure": false,
            "deploy_seq": 1,
            "description": "",
            "execute_in_parallel": false,
            "id": "BDI-xmx3w8b8",
            "name": "Migrate vRA Metadata",
            "parameter_defaults": [
                {
                    "label": "Create Groups",
                    "name": "create_groups_a1044",
                    "value": "False"
                }
            ],
            "run_on_scale_up": true,
            "show_on_order_form": true,
            "tier_type": "plugin"
        }
    ],
    "description": "Migrate vRA Metadata for Servers discovered by CloudBolt. This blueprint will query your business groups in vRA7, and allow you to migrate a business group at a time.",
    "favorited": false,
    "icon": "vRA_to_CMP.png",
    "id": "BP-mngp999u",
    "is_manageable": true,
    "is_orderable": true,
    "labels": [],
    "last_updated": "2023-08-28",
    "management_actions": [],
    "maximum_version_required": "",
    "minimum_version_required": "8.6",
    "name": "Migrate Metadata from vRealize Automation 7",
    "resource_name_template": null,
    "sequence": 0,
    "show_recipient_field_on_order_form": false,
    "teardown_items": []
}