{
    "action_input_default_values": [
        {
            "label": "Parameter Name",
            "name": "parameter_name_a658",
            "value": "product_name"
        }
    ],
    "base_action_name": "Add Applications from Parameter",
    "continue_on_failure": false,
    "description": "",
    "enabled": true,
    "hook_point": "Pre-Create Resource",
    "id": "HPA-tju78ax2",
    "last_updated": "2022-09-28",
    "maximum_version_required": "",
    "minimum_version_required": "8.6",
    "name": "Add Applications from Parameter",
    "run_on_statuses": "",
    "run_seq": 1503
}