{
    "action_input_default_values": [
        {
            "label": "Apps If True",
            "name": "apps_if_true_a649",
            "value": "1"
        },
        {
            "label": "Parameter Name",
            "name": "parameter_name_a649",
            "value": "add_apps"
        }
    ],
    "base_action_name": "Add Applications If True",
    "continue_on_failure": false,
    "description": "",
    "enabled": true,
    "hook_point": "Pre-Create Resource",
    "id": "HPA-i7aoygjf",
    "last_updated": "2022-09-23",
    "maximum_version_required": "",
    "minimum_version_required": "8.6",
    "name": "Add Applications If True",
    "run_on_statuses": "",
    "run_seq": 1502
}