{
    "any-group-can-deploy": true,
    "auto-historical-resources": false,
    "build-items": [
        {
            "action-name": "Create AWS CloudFormation Stack",
            "continue-on-failure": false,
            "deploy-seq": 2,
            "description": "",
            "execute-in-parallel": false,
            "name": "Create AWS CloudFormation Stack",
            "parameter-defaults": [
                {
                    "label": "Env Id",
                    "name": "env_id_a180",
                    "value": "9"
                },
                {
                    "label": "Parameters",
                    "name": "parameters_a180",
                    "value": "[]"
                }
            ],
            "run-on-scale-up": true,
            "show-on-order-form": true,
            "type": "plugin"
        }
    ],
    "description": "Create and manage AWS CloudFormation stacks, pull the content from GitLab. Note, this currently only supports JSON formatted CloudFormation Templates. This sample will ask the requestor for parameters to be passed as follows: \r\n[\r\n    {\"ParameterKey\": \"KeyName\", \"ParameterValue\": \"se-demo\"}, \r\n    {\"ParameterKey\": \"DBName\", \"ParameterValue\": \"newdb\"}, \r\n    {\"ParameterKey\": \"DBUser\", \"ParameterValue\": \"mysql\"},\r\n    {\"ParameterKey\": \"DBPassword\", \"ParameterValue\": \"mysql\"},\r\n    {\"ParameterKey\": \"DBRootPassword\", \"ParameterValue\": \"mysql\"},\r\n    {\"ParameterKey\": \"InstanceType\", \"ParameterValue\": \"t2.nano\"}\r\n]",
    "favorited": false,
    "icon": "cloud_formation.png",
    "is-orderable": true,
    "management-actions": [],
    "name": "AWS CloudFormation - From GitLab",
    "resource-type": {
        "icon": "fab fa-aws",
        "label": "CloudFormation Deployment",
        "lifecycle": "ACTIVE",
        "list-view-columns": [],
        "name": "cf_deployments",
        "plural-label": null
    },
    "sequence": 0,
    "show-recipient-field-on-order-form": false,
    "teardown-items": [
        {
            "action-name": "Delete AWS CloudFormation",
            "continue-on-failure": false,
            "deploy-seq": -1,
            "description": null,
            "execute-in-parallel": false,
            "name": "Delete AWS CloudFormation",
            "type": "teardown_plugin"
        }
    ]
}