{
    "any-group-can-deploy": true,
    "auto-historical-resources": false,
    "build-items": [
        {
            "action-name": "ARM Builder",
            "continue-on-failure": false,
            "deploy-seq": 1,
            "description": null,
            "execute-in-parallel": false,
            "name": "ARM Builder",
            "run-on-scale-up": true,
            "show-on-order-form": true,
            "type": "plugin"
        }
    ],
    "description": "A BluePrint that builds a CloudBolt Blueprint from an Azure Resource Manager Template",
    "favorited": false,
    "icon": "azure.png",
    "is-orderable": true,
    "management-actions": [],
    "name": "ARM Builder",
    "sequence": 0,
    "show-recipient-field-on-order-form": false,
    "teardown-items": []
}