{
    "any_group_can_deploy": true,
    "auto_historical_resources": false,
    "blueprint_image": null,
    "custom_form": "FRM-8gi8nh53",
    "deployment_items": [
        {
            "action_name": "regenerate options test",
            "continue_on_failure": false,
            "deploy_seq": 1,
            "description": null,
            "enabled": true,
            "execute_in_parallel": false,
            "id": "BDI-l4ewq0zs",
            "name": "regenerate options test",
            "run_on_scale_up": true,
            "show_on_order_form": false,
            "tier_type": "plugin"
        }
    ],
    "description": "",
    "favorited": false,
    "has_custom_form": true,
    "id": "BP-r80f7smr",
    "is_manageable": true,
    "is_orderable": true,
    "labels": [],
    "last_updated": "2023-11-12",
    "management_actions": [],
    "maximum_version_required": "",
    "minimum_version_required": "8.6",
    "name": "Regenerate Options in Custom Forms",
    "parameters": [
        {
            "allow_multiple": false,
            "available_all_servers": false,
            "constraints": "Unconstrained",
            "description": "",
            "destination": "Both",
            "field_dependency_controlling_set": [],
            "field_dependency_dependent_set": [
                {
                    "controlling-field": {
                        "name": "alg_param1"
                    },
                    "custom-field-options": [],
                    "dependency-type": "REGENOPTIONS",
                    "dependent-field": {
                        "name": "alg_param2"
                    },
                    "maximum": null,
                    "minimum": null,
                    "regex": ""
                }
            ],
            "gen_options_hooks": [
                {
                    "enabled": true,
                    "name": "Generate options for 'Parameter 1'"
                }
            ],
            "global_options": [],
            "label": "Parameter 1",
            "name": "alg_param1",
            "options": [],
            "placeholder": null,
            "relevant_osfamilies": [],
            "required": true,
            "show_as_attribute": false,
            "show_on_servers": true,
            "type": "STR",
            "value_pattern_string": null
        },
        {
            "allow_multiple": false,
            "available_all_servers": false,
            "constraints": "Unconstrained",
            "description": "",
            "destination": "Both",
            "field_dependency_controlling_set": [
                {
                    "controlling-field": {
                        "name": "alg_param1"
                    },
                    "custom-field-options": [],
                    "dependency-type": "REGENOPTIONS",
                    "dependent-field": {
                        "name": "alg_param2"
                    },
                    "maximum": null,
                    "minimum": null,
                    "regex": ""
                }
            ],
            "field_dependency_dependent_set": [],
            "gen_options_hooks": [
                {
                    "enabled": true,
                    "name": "Generate options for 'Parameter 2'"
                }
            ],
            "global_options": [],
            "label": "Parameter 2",
            "name": "alg_param2",
            "options": [],
            "placeholder": null,
            "relevant_osfamilies": [],
            "required": true,
            "show_as_attribute": false,
            "show_on_servers": true,
            "type": "STR",
            "value_pattern_string": null
        }
    ],
    "resource_name_template": null,
    "resource_type": {
        "icon": "",
        "id": "RT-0yro5q03",
        "label": "Service",
        "lifecycle": "ACTIVE",
        "list_view_columns": [],
        "name": "service",
        "plural_label": null
    },
    "sequence": 0,
    "show_recipient_field_on_order_form": false,
    "teardown_items": []
}