{
    "any-group-can-deploy": true,
    "auto-historical-resources": false,
    "build-items": [
        {
            "action-name": "ACI Network Build",
            "continue-on-failure": false,
            "deploy-seq": 1,
            "description": null,
            "execute-in-parallel": false,
            "name": "ACI Network Build",
            "run-on-scale-up": true,
            "show-on-order-form": true,
            "type": "plugin"
        }
    ],
    "description": "",
    "favorited": false,
    "icon": "cisco_aci.png",
    "is-orderable": true,
    "management-actions": [],
    "name": "ACI Sample",
    "resource-type": {
        "icon": "fab fa-network-wired",
        "label": "ACI Network",
        "lifecycle": "ACTIVE",
        "list-view-columns": [],
        "name": "aci_network",
        "plural-label": null
    },
    "sequence": 0,
    "show-recipient-field-on-order-form": false,
    "teardown-items": [
        {
            "action-name": "ACI Network Teardown",
            "continue-on-failure": false,
            "deploy-seq": -1,
            "description": null,
            "execute-in-parallel": false,
            "name": "ACI Network Teardown",
            "type": "teardown_plugin"
        }
    ]
}