{
    "action_input_default_values": [
        {
            "label": "Flatten Params",
            "name": "flatten_params_a1142",
            "value": "False"
        },
        {
            "label": "Input Parameter Name",
            "name": "input_parameter_name_a1142",
            "value": "properties"
        },
        {
            "label": "Vra Connection",
            "name": "vra_connection_a1142",
            "value": "74"
        },
        {
            "label": "Workflow Id",
            "name": "workflow_id_a1142",
            "value": "0e0672f5-9632-4ba0-af3a-b52ac24f9d8f"
        }
    ],
    "action_inputs": [
        {
            "allow-multiple": false,
            "available-all-servers": false,
            "description": "",
            "field-dependency-controlling-set": [],
            "field-dependency-dependent-set": [],
            "global-options": [],
            "hide-if-default-value": true,
            "label": "Flatten Params",
            "name": "flatten_params",
            "placeholder": null,
            "relevant-osfamilies": [],
            "required": true,
            "show-as-attribute": false,
            "show-on-servers": false,
            "type": "BOOL",
            "value-pattern-string": null
        },
        {
            "allow-multiple": false,
            "available-all-servers": false,
            "description": null,
            "field-dependency-controlling-set": [],
            "field-dependency-dependent-set": [],
            "global-options": [],
            "hide-if-default-value": true,
            "label": "Input Parameter Name",
            "name": "input_parameter_name",
            "placeholder": null,
            "relevant-osfamilies": [],
            "required": true,
            "show-as-attribute": false,
            "show-on-servers": false,
            "type": "STR",
            "value-pattern-string": null
        },
        {
            "allow-multiple": false,
            "available-all-servers": false,
            "description": null,
            "field-dependency-controlling-set": [],
            "field-dependency-dependent-set": [
                {
                    "controlling-field": {
                        "name": "vra_connection_a1142"
                    },
                    "custom-field-options": [],
                    "dependency-type": "REGENOPTIONS",
                    "dependent-field": {
                        "name": "workflow_id_a1142"
                    },
                    "maximum": null,
                    "minimum": null,
                    "regex": ""
                }
            ],
            "global-options": [],
            "hide-if-default-value": true,
            "label": "Vra Connection",
            "name": "vra_connection",
            "placeholder": null,
            "relevant-osfamilies": [],
            "required": true,
            "show-as-attribute": false,
            "show-on-servers": false,
            "type": "STR",
            "value-pattern-string": null
        },
        {
            "allow-multiple": false,
            "available-all-servers": false,
            "description": null,
            "field-dependency-controlling-set": [
                {
                    "controlling-field": {
                        "name": "vra_connection_a1142"
                    },
                    "custom-field-options": [],
                    "dependency-type": "REGENOPTIONS",
                    "dependent-field": {
                        "name": "workflow_id_a1142"
                    },
                    "maximum": null,
                    "minimum": null,
                    "regex": ""
                }
            ],
            "field-dependency-dependent-set": [],
            "global-options": [],
            "hide-if-default-value": true,
            "label": "Workflow Id",
            "name": "workflow_id",
            "placeholder": null,
            "relevant-osfamilies": [],
            "required": true,
            "show-as-attribute": false,
            "show-on-servers": false,
            "type": "STR",
            "value-pattern-string": null
        }
    ],
    "base_action_name": "vRO Workflow from Orchestration Action",
    "continue_on_failure": false,
    "description": "",
    "enabled": true,
    "hook_point": "Post-Provision",
    "id": "HPA-z39a8zy9",
    "last_updated": "2023-11-17",
    "maximum_version_required": "",
    "minimum_version_required": "8.6",
    "name": "vRO Workflow from Orchestration Action",
    "run_on_statuses": "",
    "run_seq": 18
}