{
    "any_group_can_deploy": false,
    "auto_historical_resources": false,
    "blueprint_image": "/static/uploads/blueprints/tools_icon.png",
    "deployment_items": [
        {
            "action_name": "Fix Custom Form for Blueprint",
            "continue_on_failure": false,
            "deploy_seq": 1,
            "description": null,
            "enabled": true,
            "execute_in_parallel": false,
            "id": "BDI-kib93edc",
            "name": "Fix Custom Form for Blueprint",
            "run_on_scale_up": true,
            "show_on_order_form": false,
            "tier_type": "plugin"
        }
    ],
    "description": "Corrects a Blueprint's custom form when imported to another environment and the action parameter global ids don't match.",
    "favorited": false,
    "icon": "tools_icon.png",
    "id": "BP-31ctosdy",
    "is_manageable": true,
    "is_orderable": true,
    "labels": [],
    "last_updated": "2023-12-01",
    "management_actions": [],
    "maximum_version_required": "",
    "minimum_version_required": "8.6",
    "name": "Custom Form Import Fixer",
    "resource_name_template": null,
    "sequence": 0,
    "show_recipient_field_on_order_form": false,
    "teardown_items": []
}