{
    "any_group_can_deploy": false,
    "auto_historical_resources": false,
    "blueprint_image": "/static/uploads/blueprints/aria_icon.png",
    "deployment_items": [
        {
            "action_name": "Run Aria Orchestrator Workflow",
            "continue_on_failure": false,
            "deploy_seq": 1,
            "description": "",
            "enabled": true,
            "execute_in_parallel": false,
            "id": "BDI-4ob9op5e",
            "name": "Run Aria Orchestrator Workflow",
            "parameter_defaults": [
                {
                    "label": "Flatten Params",
                    "name": "flatten_params_a1117",
                    "value": "False"
                }
            ],
            "run_on_scale_up": true,
            "show_on_order_form": false,
            "tier_type": "plugin"
        }
    ],
    "description": "",
    "favorited": false,
    "icon": "aria_icon.png",
    "id": "BP-yqs6rpio",
    "is_manageable": true,
    "is_orderable": true,
    "labels": [],
    "last_updated": "2024-10-24",
    "management_actions": [],
    "maximum_version_required": "",
    "minimum_version_required": "8.6",
    "name": "Run Aria Orchestrator Workflow",
    "resource_name_template": null,
    "resource_type": {
        "icon": "",
        "id": "RT-0yro5q03",
        "label": "Service",
        "lifecycle": "ACTIVE",
        "list_view_columns": [],
        "name": "service",
        "plural_label": null
    },
    "sequence": 0,
    "show_recipient_field_on_order_form": false,
    "teardown_items": [
        {
            "action_name": "Run Aria Orchestrator Workflow",
            "continue_on_failure": false,
            "deploy_seq": -1,
            "description": "",
            "enabled": true,
            "execute_in_parallel": false,
            "id": "BDI-s2lzdpwf",
            "name": "Run Aria Orchestrator Workflow",
            "parameter_defaults": [
                {
                    "label": "Flatten Params",
                    "name": "flatten_params_a1117",
                    "value": "False"
                },
                {
                    "label": "Workflow Id",
                    "name": "workflow_id_a1117",
                    "value": "0e0672f5-9632-4ba0-af3a-b52ac24f9d8f"
                },
                {
                    "label": "Workflow Parameters",
                    "name": "workflow_parameters_a1117",
                    "value": "{\r\n  \"myInput\": \"Testing Destroy\",\r\n  \"teardown_sdk_object_VcVm\": {\r\n\t\t\"value\": \"vro_0e0672f5-9632-4ba0-af3a-b52ac24f9d8f_output_vc_vm\",\r\n\t\t\"type\": \"vro_0e0672f5-9632-4ba0-af3a-b52ac24f9d8f_output_vc_vm_vro_type\",\r\n\t\t\"name\": \"myVcVm\",\r\n\t\t\"scope\": \"local\"\r\n\t}\r\n}"
                }
            ],
            "run_on_scale_up": true,
            "show_on_order_form": false,
            "tier_type": "teardown_plugin"
        }
    ]
}