{
    "any-group-can-deploy": true,
    "auto-historical-resources": false,
    "build-items": [
        {
            "action-name": "Azure Resource Manager Template from GitLab",
            "continue-on-failure": false,
            "deploy-seq": 1,
            "description": null,
            "execute-in-parallel": false,
            "name": "Azure Resource Manager Template from GitLab",
            "run-on-scale-up": true,
            "show-on-order-form": true,
            "type": "plugin"
        }
    ],
    "description": "<h3><strong>Deploy Azure resources using an ARM template.</strong></h3> \r\n\r\nDocumentation is available from Microsoft <a href=\"https://docs.microsoft.com/en-us/azure/azure-resource-manager/resource-group-authoring-templates\">here</a>\r\n\r\n<h3><strong>GitLab Integration</strong></h3>\r\n\r\nThis example pulls in an ARM Template (template_path), an ARM Params file (params_path), and allows for the input of manual params overrides (virtual_machine_name and admin_password). \r\n\r\n<p>\r\n<strong>Pre-Requisites:</strong><br>\r\n- Install and configure the gitlab XUI<br>\r\n- Update the  generate_options_ actions for project_id, params_path, template_path, and git_branch in the build action to reflect your environment. \r\n</p>",
    "favorited": false,
    "icon": "cropped-Microsoft-Azure_MpFPi38.png",
    "is-orderable": true,
    "management-actions": [],
    "name": "Azure Resource Manager Template from GitLab",
    "resource-name-template": "arm-tmplt-00X",
    "resource-type": {
        "icon": "fab fa-microsoft",
        "label": "ARM Deployment",
        "lifecycle": "ACTIVE",
        "list-view-columns": [],
        "name": "arm_templates",
        "plural-label": null
    },
    "sequence": 0,
    "show-recipient-field-on-order-form": false,
    "teardown-items": [
        {
            "action-name": "ARM Template Delete",
            "continue-on-failure": false,
            "deploy-seq": -1,
            "description": null,
            "execute-in-parallel": false,
            "name": "ARM Template Delete",
            "type": "teardown_plugin"
        }
    ]
}