{
    "any_group_can_deploy": true,
    "auto_historical_resources": false,
    "blueprint_image": "/static/uploads/blueprints/vmware_nsx_featured_9H4lD06.jpg",
    "deployment_items": [
        {
            "action_name": "NSX-T Distributed Firewall Policy Build",
            "continue_on_failure": false,
            "deploy_seq": 1,
            "description": null,
            "execute_in_parallel": false,
            "id": "BDI-ywiz1xrl",
            "name": "NSX-T Distributed Firewall Policy Build",
            "run_on_scale_up": true,
            "show_on_order_form": true,
            "tier_type": "plugin"
        }
    ],
    "description": "Create a Policy on the NSX-T Distributed Firewall",
    "favorited": false,
    "icon": "vmware_nsx_featured_9H4lD06.jpg",
    "id": "BP-9bu78tna",
    "is_manageable": true,
    "is_orderable": true,
    "labels": [],
    "last_updated": "2022-11-15",
    "management_actions": [
        {
            "enabled": true,
            "label": "NSX-T Distributed Firewall Rule Build"
        }
    ],
    "maximum_version_required": "",
    "minimum_version_required": "8.6",
    "name": "NSX-T Distributed Firewall Policy",
    "resource_name_template": null,
    "resource_type": {
        "icon": "glyphicon glyphicon-th-list",
        "id": "RT-glpzrmn7",
        "label": "NSX-T Distributed Firewall Policy",
        "lifecycle": "ACTIVE",
        "list_view_columns": [],
        "name": "nsxt_dfx_policy",
        "plural_label": "NSX-T Distributed Firewall Policies"
    },
    "sequence": 0,
    "show_recipient_field_on_order_form": false,
    "teardown_items": [
        {
            "action_name": "NSX-T Distributed Firewall Policy Teardown",
            "continue_on_failure": false,
            "deploy_seq": -1,
            "description": null,
            "execute_in_parallel": false,
            "id": "BDI-niif3pqv",
            "name": "NSX-T Distributed Firewall Policy Teardown",
            "run_on_scale_up": true,
            "show_on_order_form": true,
            "tier_type": "teardown_plugin"
        }
    ]
}