{
    "any_group_can_deploy": false,
    "auto_historical_resources": false,
    "blueprint_image": "/static/uploads/blueprints/vRA_to_CMP_1.png",
    "deployment_items": [
        {
            "action_name": "Migrate vRA8 Projects",
            "continue_on_failure": false,
            "deploy_seq": 1,
            "description": null,
            "enabled": true,
            "execute_in_parallel": false,
            "id": "BDI-czwjrgli",
            "name": "Migrate vRA8 Projects",
            "run_on_scale_up": true,
            "show_on_order_form": false,
            "tier_type": "plugin"
        }
    ],
    "description": "- Migrate vRA Projects to CloudBolt Groups\r\n- Import any roles and group mappings from vRA to equivalent CloudBolt Roles\r\n- Copy unencrypted Custom Properties to CloudBolt",
    "favorited": false,
    "icon": "vRA_to_CMP_1.png",
    "id": "BP-2d64yk9p",
    "is_manageable": true,
    "is_orderable": true,
    "labels": [],
    "last_updated": "2023-11-01",
    "management_actions": [],
    "maximum_version_required": "",
    "minimum_version_required": "8.6",
    "name": "Migrate vRA8 Projects",
    "resource_name_template": null,
    "sequence": 0,
    "show_recipient_field_on_order_form": false,
    "teardown_items": []
}