{
    "any_group_can_deploy": true,
    "auto_historical_resources": false,
    "blueprint_image": "/static/uploads/blueprints/firewall.png",
    "deployment_items": [
        {
            "action_name": "Create Jira Ticket",
            "continue_on_failure": false,
            "deploy_seq": 1,
            "description": null,
            "execute_in_parallel": false,
            "id": "BDI-crm52qy8",
            "name": "Create Jira Ticket",
            "run_on_scale_up": true,
            "show_on_order_form": true,
            "tier_type": "plugin"
        },
        {
            "action_name": "Copy File to Server",
            "continue_on_failure": false,
            "deploy_seq": 2,
            "description": "",
            "execute_in_parallel": false,
            "id": "BDI-damp0p2d",
            "name": "Copy File to Server",
            "parameter_defaults": [
                {
                    "label": "Server Id",
                    "name": "server_id_a603",
                    "value": "15694"
                },
                {
                    "label": "Non Prod Services",
                    "name": "non_prod_services_a603",
                    "value": "443"
                },
                {
                    "label": "Production Services",
                    "name": "production_services_a603",
                    "value": "443"
                }
            ],
            "run_on_scale_up": true,
            "show_on_order_form": true,
            "tier_type": "plugin"
        },
        {
            "action_name": "Ansible Execute Playbook",
            "continue_on_failure": false,
            "deploy_seq": 3,
            "description": null,
            "execute_in_parallel": false,
            "id": "BDI-idnd8tob",
            "name": "Ansible Execute Playbook",
            "run_on_scale_up": true,
            "show_on_order_form": true,
            "tier_type": "script"
        }
    ],
    "description": "",
    "favorited": false,
    "icon": "firewall.png",
    "id": "BP-62qy4h8b",
    "is_manageable": true,
    "is_orderable": true,
    "labels": [],
    "last_updated": "2022-06-16",
    "management_actions": [],
    "name": "Firewall Rule",
    "parameters": [
        {
            "allow_multiple": false,
            "available_all_servers": false,
            "constraints": "Unconstrained",
            "description": "Describe how the Telenet business and customers would be directly or indirectly impacted if this interface would go down.",
            "destination": "Both",
            "field_dependency_controlling_set": [],
            "field_dependency_dependent_set": [],
            "global_options": [],
            "label": "Business Impact",
            "name": "tn_business_impact",
            "options": [],
            "placeholder": null,
            "relevant_osfamilies": [],
            "required": true,
            "show_as_attribute": false,
            "show_on_servers": true,
            "type": "TXT",
            "value_pattern_string": null
        },
        {
            "allow_multiple": false,
            "available_all_servers": false,
            "constraints": "Unconstrained",
            "description": "Describe the (new) functionality this interface will enable.",
            "destination": "Both",
            "field_dependency_controlling_set": [],
            "field_dependency_dependent_set": [],
            "global_options": [],
            "label": "Functional Description",
            "name": "tn_functional_description",
            "options": [],
            "placeholder": null,
            "relevant_osfamilies": [],
            "required": true,
            "show_as_attribute": false,
            "show_on_servers": true,
            "type": "TXT",
            "value_pattern_string": null
        },
        {
            "allow_multiple": false,
            "available_all_servers": false,
            "constraints": "Unconstrained",
            "description": "cfr \u201cSummary\u201d field of the Jira Task\r\nA short functional name referring to the application or product that will be enabled by this network interface.",
            "destination": "Both",
            "field_dependency_controlling_set": [],
            "field_dependency_dependent_set": [],
            "global_options": [],
            "label": "Interface Name",
            "name": "tn_interface_name",
            "options": [],
            "placeholder": null,
            "relevant_osfamilies": [],
            "required": true,
            "show_as_attribute": false,
            "show_on_servers": true,
            "type": "STR",
            "value_pattern_string": ""
        },
        {
            "allow_multiple": true,
            "available_all_servers": false,
            "constraints": "Unconstrained",
            "description": "PALM ID for the related applications",
            "destination": "Both",
            "field_dependency_controlling_set": [],
            "field_dependency_dependent_set": [],
            "global_options": [],
            "label": "Palm IDs",
            "name": "tn_palm_ids",
            "options": [],
            "placeholder": "",
            "relevant_osfamilies": [],
            "required": true,
            "show_as_attribute": false,
            "show_on_servers": true,
            "type": "INT",
            "value_pattern_string": null
        },
        {
            "allow_multiple": false,
            "available_all_servers": false,
            "constraints": "Unconstrained",
            "description": "ERP (Fusion) project number / budget ID",
            "destination": "Both",
            "field_dependency_controlling_set": [],
            "field_dependency_dependent_set": [],
            "global_options": [],
            "label": "Project Code",
            "name": "tn_project_code",
            "options": [],
            "placeholder": "",
            "relevant_osfamilies": [],
            "required": true,
            "show_as_attribute": false,
            "show_on_servers": true,
            "type": "INT",
            "value_pattern_string": ""
        }
    ],
    "resource_name_template": "{{tn_interface_name}}",
    "resource_type": {
        "icon": "",
        "label": "Firewall Rule",
        "lifecycle": "ACTIVE",
        "list-view-columns": [],
        "name": "firewall_rule",
        "plural-label": null
    },
    "sequence": 0,
    "show_recipient_field_on_order_form": false,
    "teardown_items": []
}