{
    "any-group-can-deploy": true,
    "auto-historical-resources": false,
    "build-items": [
        {
            "action-name": "Azure Resource Manager Template from GitLab",
            "continue-on-failure": false,
            "deploy-seq": 1,
            "description": null,
            "execute-in-parallel": false,
            "name": "Azure Resource Manager Template from GitLab",
            "run-on-scale-up": true,
            "show-on-order-form": true,
            "type": "plugin"
        }
    ],
    "description": "Deploy Azure resources using an ARM template. Documentation is available from Microsoft here: https://docs.microsoft.com/en-us/azure/azure-resource-manager/resource-group-authoring-templates.\r\n\r\nThis uses an example template from https://github.com/Azure/azure-quickstart-templates, which is expected to be downloaded and placed in /var/opt/cloudbolt/proserv/arm_templates/.",
    "favorited": false,
    "icon": "cropped-Microsoft-Azure_MpFPi38.png",
    "is-orderable": true,
    "management-actions": [],
    "name": "Azure Resource Manager Template from GitLab",
    "resource-type": {
        "icon": "fab fa-microsoft",
        "label": "ARM Deployment",
        "lifecycle": "ACTIVE",
        "list-view-columns": [],
        "name": "arm_templates",
        "plural-label": null
    },
    "sequence": 0,
    "show-recipient-field-on-order-form": false,
    "teardown-items": []
}