{
    "description": null,
    "enabled": true,
    "icon_url": "",
    "id": "XUI-haklaxfk",
    "label": "Azure Rg Mapping",
    "last_updated": "2025-12-11",
    "maximum_version_required": "",
    "minimum_version_required": "8.6",
    "name": "azure_rg_mapping",
    "package_contents": [
        "azure_rg_mapping/forms.py",
        "azure_rg_mapping/utilities.py",
        "azure_rg_mapping/__init__.py",
        "azure_rg_mapping/urls.py",
        "azure_rg_mapping/xui_utilities.py",
        "azure_rg_mapping/views.py",
        "azure_rg_mapping/recurring_jobs/collect_azure_quota_consumption.py",
        "azure_rg_mapping/actions/azure_quotas_consumption_refresh.py",
        "azure_rg_mapping/templates/admin_tab.html",
        "azure_rg_mapping/templates/admin_page.html",
        "azure_rg_mapping/README.md"
    ],
    "version": ""
}