{
    "any-group-can-deploy": false,
    "auto-historical-resources": false,
    "build-items": [
        {
            "action-name": "S3 Bucket Create Service (1)",
            "continue-on-failure": false,
            "deploy-seq": 1,
            "description": null,
            "execute-in-parallel": false,
            "name": "Create S3 Bucket",
            "run-on-scale-up": true,
            "show-on-order-form": true,
            "type": "plugin"
        }
    ],
    "description": "Creates an AWS S3 bucket. Deleting the resultant service deletes the bucket.",
    "favorited": false,
    "icon": "amazon-s3-logo_oT1nvV8_ee1DbxY.png",
    "is-orderable": true,
    "management-actions": [
        {
            "enabled": "True",
            "label": "List Objects (1)"
        },
        {
            "enabled": "True",
            "label": "Delete Object (1)"
        }
    ],
    "name": "AWS S3 Bucket (1)",
    "parameters": [
        {
            "available-all-servers": false,
            "constraints": "Unconstrained",
            "description": "",
            "destination": "Resource",
            "field-dependency-controlling-set": [],
            "field-dependency-dependent-set": [],
            "global-options": [],
            "label": "S3 Bucket Name",
            "name": "s3_bucket_name",
            "options": [
                "Undef"
            ],
            "relevant-osfamilies": [],
            "required": true,
            "show-as-attribute": false,
            "show-on-servers": false,
            "type": "STR"
        },
        {
            "available-all-servers": false,
            "constraints": "Unconstrained",
            "description": "",
            "destination": "Resource",
            "field-dependency-controlling-set": [],
            "field-dependency-dependent-set": [],
            "global-options": [],
            "label": "S3 Bucket Region",
            "name": "s3_bucket_region",
            "options": [
                "Undef"
            ],
            "relevant-osfamilies": [],
            "required": true,
            "show-as-attribute": false,
            "show-on-servers": false,
            "type": "STR"
        }
    ],
    "resource-name-template": "S3 Bucket",
    "resource-type": {
        "icon": "",
        "label": "Service",
        "lifecycle": "ACTIVE",
        "list-view-columns": [],
        "name": "service",
        "plural-label": null
    },
    "sequence": 0,
    "show-recipient-field-on-order-form": false,
    "teardown-items": [
        {
            "action-name": "S3 Bucket Delete Service (1)",
            "continue-on-failure": false,
            "deploy-seq": -1,
            "description": null,
            "execute-in-parallel": false,
            "name": "Delete S3 Bucket From Service",
            "type": "teardown_plugin"
        }
    ]
}