{
    "action_input_default_values": [
        {
            "label": "Lease Date Attribute",
            "name": "lease_date_attribute_a821",
            "value": "VM_Lease"
        }
    ],
    "action_inputs": [
        {
            "allow-multiple": false,
            "available-all-servers": false,
            "description": null,
            "field-dependency-controlling-set": [],
            "field-dependency-dependent-set": [],
            "global-options": [],
            "hide-if-default-value": false,
            "label": "Lease Date Attribute",
            "name": "lease_date_attribute",
            "placeholder": null,
            "relevant-osfamilies": [],
            "required": true,
            "show-as-attribute": false,
            "show-on-servers": false,
            "type": "STR",
            "value-pattern-string": null
        }
    ],
    "base_action_name": "Post Synch vCenter VMs - Set expiration",
    "continue_on_failure": false,
    "description": "",
    "enabled": true,
    "hook_point": "Post Sync VMs",
    "id": "HPA-2xt36jos",
    "last_updated": "2023-05-11",
    "maximum_version_required": "",
    "minimum_version_required": "8.6",
    "name": "Post Synch vCenter VMs - Set expiration",
    "run_on_statuses": "",
    "run_seq": 1
}