{
    "any-group-can-deploy": true,
    "auto-historical-resources": false,
    "build-items": [
        {
            "action-name": "Ansible Tower Ad-Hoc",
            "continue-on-failure": false,
            "deploy-seq": 1,
            "description": null,
            "execute-in-parallel": false,
            "name": "Ansible Tower Ad-Hoc",
            "run-on-scale-up": true,
            "show-on-order-form": true,
            "type": "plugin"
        },
        {
            "action-name": "Import Network",
            "continue-on-failure": false,
            "deploy-seq": 2,
            "description": null,
            "execute-in-parallel": false,
            "name": "Import Network",
            "run-on-scale-up": true,
            "show-on-order-form": true,
            "type": "plugin"
        }
    ],
    "description": "",
    "favorited": false,
    "icon": "cisco_aci_OnjQKRQ.png",
    "is-orderable": true,
    "management-actions": [],
    "name": "ACI Network",
    "parameters": [
        {
            "available-all-servers": false,
            "constraints": "Unconstrained",
            "description": "",
            "destination": "Both",
            "field-dependency-controlling-set": [],
            "field-dependency-dependent-set": [],
            "global-options": [],
            "label": "Password",
            "name": "svc_password",
            "options": [
                "CT7vbyHW5+wafMKYFJwA4w==<CB_DELIM>s4BAJg6jbs7Qh852VGaesw=="
            ],
            "relevant-osfamilies": [],
            "required": true,
            "show-as-attribute": false,
            "show-on-servers": false,
            "type": "PWD"
        },
        {
            "available-all-servers": false,
            "constraints": "Unconstrained",
            "description": "",
            "destination": "Both",
            "field-dependency-controlling-set": [],
            "field-dependency-dependent-set": [],
            "global-options": [],
            "label": "Username",
            "name": "svc_username",
            "options": [
                "svc_user"
            ],
            "relevant-osfamilies": [],
            "required": true,
            "show-as-attribute": false,
            "show-on-servers": false,
            "type": "STR"
        },
        {
            "available-all-servers": false,
            "constraints": "Unconstrained",
            "description": "",
            "destination": "Both",
            "field-dependency-controlling-set": [],
            "field-dependency-dependent-set": [],
            "global-options": [],
            "label": "VLAN",
            "name": "wap_vlan",
            "options": [],
            "relevant-osfamilies": [],
            "required": true,
            "show-as-attribute": false,
            "show-on-servers": true,
            "type": "STR"
        }
    ],
    "resource-type": {
        "icon": "",
        "label": "Service",
        "lifecycle": "ACTIVE",
        "list-view-columns": [],
        "name": "service",
        "plural-label": null
    },
    "sequence": 0,
    "show-recipient-field-on-order-form": false,
    "teardown-items": []
}