{
    "action_input_default_values": [
        {
            "label": "Approval Bps",
            "name": "approval_bps_a1160",
            "value": "1"
        }
    ],
    "action_inputs": [
        {
            "allow-multiple": true,
            "available-all-servers": false,
            "description": "Select the Blueprints that will require approval",
            "field-dependency-controlling-set": [],
            "field-dependency-dependent-set": [],
            "global-options": [],
            "hide-if-default-value": true,
            "label": "Approval Bps",
            "name": "approval_bps",
            "placeholder": null,
            "relevant-osfamilies": [],
            "required": true,
            "show-as-attribute": false,
            "show-on-servers": false,
            "type": "STR",
            "value-pattern-string": ""
        }
    ],
    "base_action_name": "Approve Orders for Blueprints",
    "continue_on_failure": false,
    "description": "",
    "enabled": true,
    "hook_point": "Order Submitted for Approval",
    "id": "HPA-hdkl75df",
    "last_updated": "2023-12-19",
    "maximum_version_required": "",
    "minimum_version_required": "8.6",
    "name": "Approve Orders for Blueprints",
    "run_on_statuses": "",
    "run_seq": 6
}