{
    "any_group_can_deploy": true,
    "auto_historical_resources": false,
    "blueprint_image": "/static/uploads/blueprints/vmware_nsx_featured_knQ7afZ.jpg",
    "deployment_items": [],
    "description": "",
    "favorited": false,
    "icon": "vmware_nsx_featured_knQ7afZ.jpg",
    "id": "BP-xt6o2774",
    "is_manageable": true,
    "is_orderable": false,
    "labels": [],
    "last_updated": "2022-11-15",
    "management_actions": [],
    "maximum_version_required": "",
    "minimum_version_required": "8.6",
    "name": "NSX-T Distributed Firewall Rule",
    "resource_name_template": null,
    "resource_type": {
        "icon": "glyphicon glyphicon-plus",
        "id": "RT-6am2mtnb",
        "label": "NSX-T Distributed Firewall Rule",
        "lifecycle": "ACTIVE",
        "list_view_columns": [],
        "name": "nsxt_dfw_rule",
        "plural_label": null
    },
    "sequence": 0,
    "show_recipient_field_on_order_form": false,
    "teardown_items": [
        {
            "action_name": "NSX-T Distributed Firewall Rule Teardown",
            "continue_on_failure": false,
            "deploy_seq": -1,
            "description": null,
            "execute_in_parallel": false,
            "id": "BDI-mn7mnmpg",
            "name": "NSX-T Distributed Firewall Rule Teardown",
            "run_on_scale_up": true,
            "show_on_order_form": true,
            "tier_type": "teardown_plugin"
        }
    ]
}