{
    "action_input_default_values": [],
    "action_inputs": [
        {
            "allow-multiple": false,
            "available-all-servers": false,
            "description": null,
            "field-dependency-controlling-set": [
                {
                    "controlling-field": {
                        "name": "lease_days_a1278"
                    },
                    "custom-field-options": [
                        "Custom"
                    ],
                    "dependency-type": "SHOWHIDE",
                    "dependent-field": {
                        "name": "custom_days_a1278"
                    },
                    "maximum": null,
                    "minimum": null,
                    "regex": ""
                }
            ],
            "field-dependency-dependent-set": [],
            "global-options": [],
            "hide-if-default-value": true,
            "id": "CF-fp1vml0a",
            "label": "Custom Days",
            "name": "custom_days",
            "placeholder": null,
            "relevant-osfamilies": [],
            "required": true,
            "show-as-attribute": false,
            "show-on-servers": false,
            "type": "STR",
            "value-pattern-string": null
        },
        {
            "allow-multiple": false,
            "available-all-servers": false,
            "description": null,
            "field-dependency-controlling-set": [],
            "field-dependency-dependent-set": [
                {
                    "controlling-field": {
                        "name": "lease_days_a1278"
                    },
                    "custom-field-options": [
                        "Custom"
                    ],
                    "dependency-type": "SHOWHIDE",
                    "dependent-field": {
                        "name": "custom_days_a1278"
                    },
                    "maximum": null,
                    "minimum": null,
                    "regex": ""
                }
            ],
            "global-options": [],
            "hide-if-default-value": true,
            "id": "CF-yxg9k2g5",
            "label": "Lease Days",
            "name": "lease_days",
            "placeholder": null,
            "relevant-osfamilies": [],
            "required": true,
            "show-as-attribute": false,
            "show-on-servers": false,
            "type": "STR",
            "value-pattern-string": null
        }
    ],
    "base_action_name": "Extend Lease by Days",
    "dangerous": false,
    "dialog_message": "",
    "enabled": true,
    "extra_classes": "fas fa-calendar-alt",
    "id": "SVA-mgxmlxaq",
    "is_synchronous": false,
    "label": "Extend Lease by Days",
    "last_updated": "2024-10-24",
    "maximum_version_required": "",
    "minimum_version_required": "8.6",
    "new_tab_url": null,
    "requires_approval": false,
    "sequence": null,
    "submit_button_label": ""
}