{
    "any_group_can_deploy": true,
    "auto_historical_resources": true,
    "blueprint_image": "/static/uploads/blueprints/aws_account_oHHSlBx.png",
    "deployment_items": [
        {
            "action_name": "Create AWS Account - Boto3",
            "continue_on_failure": false,
            "deploy_seq": 1,
            "description": "",
            "enabled": true,
            "execute_in_parallel": false,
            "id": "BDI-vaoq8s8w",
            "name": "Create AWS Account - Boto3",
            "run_on_scale_up": true,
            "show_on_order_form": false,
            "tier_type": "plugin"
        }
    ],
    "description": "Use the Boto3 API to create an AWS account",
    "discovery_plugin": {
        "href": "/api/v3/cmp/actions/OHK-h1m49kjp/",
        "title": "Discover AWS Accounts for Organization"
    },
    "favorited": false,
    "icon": "aws_account_oHHSlBx.png",
    "id": "BP-k0ybxcnk",
    "is_manageable": true,
    "is_orderable": true,
    "labels": [],
    "last_updated": "2023-11-15",
    "management_actions": [],
    "maximum_version_required": "",
    "minimum_version_required": "8.6",
    "name": "Create AWS Account",
    "resource_name_template": "Resource-Name-Will-Be-Overwritten-00X",
    "resource_type": {
        "icon": "fab fa-aws",
        "id": "RT-duwzxz1e",
        "label": "AWS Account",
        "lifecycle": "ACTIVE",
        "list_view_columns": [],
        "name": "aws_account",
        "plural_label": null
    },
    "sequence": 0,
    "show_recipient_field_on_order_form": false,
    "teardown_items": [
        {
            "action_name": "Teardown AWS Account",
            "continue_on_failure": false,
            "deploy_seq": -1,
            "description": null,
            "enabled": true,
            "execute_in_parallel": false,
            "id": "BDI-mei3sdr9",
            "name": "Teardown AWS Account",
            "run_on_scale_up": true,
            "show_on_order_form": false,
            "tier_type": "teardown_plugin"
        }
    ]
}