{
    "any_group_can_deploy": false,
    "auto_historical_resources": false,
    "blueprint_image": "/static/uploads/blueprints/azuredevops_X7EktOj.png",
    "deployment_items": [
        {
            "action_name": "Generate Azure DevOps Raw URL",
            "continue_on_failure": false,
            "deploy_seq": 1,
            "description": null,
            "enabled": true,
            "execute_in_parallel": false,
            "id": "BDI-tu9g1yac",
            "name": "Generate Azure DevOps Raw URL",
            "run_on_scale_up": true,
            "show_on_order_form": false,
            "tier_type": "plugin"
        }
    ],
    "description": "Generates a Raw URL for an Azure DevOps file in CloudBolt for use when backing actions or Blueprints with Remote Source.",
    "favorited": false,
    "icon": "azuredevops_X7EktOj.png",
    "id": "BP-2k05seod",
    "is_manageable": true,
    "is_orderable": true,
    "labels": [],
    "last_updated": "2024-06-07",
    "management_actions": [],
    "maximum_version_required": "",
    "minimum_version_required": "8.6",
    "name": "Generate Azure DevOps Raw URL",
    "resource_name_template": null,
    "sequence": 0,
    "show_recipient_field_on_order_form": false,
    "teardown_items": []
}