{
    "any-group-can-deploy": true,
    "auto-historical-resources": false,
    "build-items": [
        {
            "action-name": "XaaS Build",
            "continue-on-failure": false,
            "deploy-seq": 1,
            "description": null,
            "execute-in-parallel": false,
            "name": "XaaS Build",
            "run-on-scale-up": true,
            "show-on-order-form": true,
            "type": "plugin"
        }
    ],
    "description": "",
    "favorited": false,
    "icon": "XaaS_Icon.png",
    "is-orderable": true,
    "management-actions": [],
    "name": "XaaS Example",
    "resource-type": {
        "icon": "glyphicon glyphicon-cloud",
        "label": "XaaS Deployment",
        "lifecycle": "ACTIVE",
        "list-view-columns": [],
        "name": "xaas_deployments",
        "plural-label": null
    },
    "sequence": 0,
    "show-recipient-field-on-order-form": false,
    "teardown-items": [
        {
            "action-name": "XaaS Teardown",
            "continue-on-failure": false,
            "deploy-seq": -1,
            "description": null,
            "execute-in-parallel": false,
            "name": "XaaS Teardown",
            "type": "teardown_plugin"
        }
    ]
}