{
    "action_input_default_values": [],
    "action_inputs": [
        {
            "allow-multiple": false,
            "available-all-servers": false,
            "description": null,
            "field-dependency-controlling-set": [],
            "field-dependency-dependent-set": [],
            "global-options": [],
            "hide-if-default-value": true,
            "id": "CF-8kgpfw0v",
            "label": "Blob Name",
            "name": "blob_name",
            "placeholder": null,
            "relevant-osfamilies": [],
            "required": true,
            "show-as-attribute": false,
            "show-on-servers": false,
            "type": "STR",
            "value-pattern-string": null
        },
        {
            "allow-multiple": false,
            "available-all-servers": false,
            "description": "Select an existing container in the Storage Account you would like to upload the file to",
            "field-dependency-controlling-set": [],
            "field-dependency-dependent-set": [],
            "global-options": [],
            "hide-if-default-value": true,
            "id": "CF-dmrwip5a",
            "label": "Container Name",
            "name": "container_name",
            "placeholder": null,
            "relevant-osfamilies": [],
            "required": true,
            "show-as-attribute": false,
            "show-on-servers": false,
            "type": "STR",
            "value-pattern-string": ""
        },
        {
            "allow-multiple": false,
            "available-all-servers": false,
            "description": "",
            "field-dependency-controlling-set": [],
            "field-dependency-dependent-set": [],
            "global-options": [],
            "hide-if-default-value": true,
            "id": "CF-e359a7a2",
            "label": "File",
            "name": "file",
            "placeholder": null,
            "relevant-osfamilies": [],
            "required": true,
            "show-as-attribute": false,
            "show-on-servers": false,
            "type": "FILE",
            "value-pattern-string": null
        }
    ],
    "allow_scheduling": false,
    "auto_submit_order": false,
    "base_action_name": "Upload File",
    "dangerous": false,
    "dialog_message": "",
    "enabled": true,
    "extra_classes": "fas fa-file",
    "id": "RSA-s9n7e95u",
    "is_synchronous": false,
    "label": "Upload File",
    "last_updated": "2025-09-23",
    "list_view_visible": true,
    "maximum_version_required": "",
    "minimum_version_required": "8.6",
    "new_tab_url": null,
    "requires_approval": false,
    "sequence": null,
    "submit_button_label": ""
}