{
    "any-group-can-deploy": false,
    "auto-historical-resources": false,
    "build-items": [
        {
            "all-environments-enabled": false,
            "allowable-os-families": [
                "Windows"
            ],
            "deploy-seq": 2,
            "description": "",
            "execute-in-parallel": false,
            "hostname-template": "",
            "name": "Windows Server",
            "restrict-applications": false,
            "show-on-order-form": true,
            "type": "provserver"
        },
        {
            "action-name": "Set Desktop Color (1)",
            "continue-on-failure": false,
            "deploy-seq": 3,
            "description": "",
            "execute-in-parallel": false,
            "name": "Set Desktop Color",
            "parameter-defaults": [
                {
                    "label": "Blue",
                    "name": "Blue_a563",
                    "value": "166"
                },
                {
                    "label": "Green",
                    "name": "Green_a563",
                    "value": "109"
                },
                {
                    "label": "Red",
                    "name": "Red_a563",
                    "value": "57"
                }
            ],
            "run-on-scale-up": true,
            "show-on-order-form": true,
            "type": "script"
        }
    ],
    "description": "<p>A simple example that installs Windows and sets the desktop background to the specified color. </p>\r\n\r\n<p>Depending on environment parameters, the new server will be joined to the domain as appropriate (via CloudBolt's out-of-the-box orchestration actions).</p>\r\n\r\n<p><i>Add your own powershell scripts to the build steps of this blueprint to customize it to your liking.</i></p>",
    "favorited": false,
    "icon": "microsoft-windows-logo-vector-download_MdvaZnl_ArypPUh.png",
    "is-orderable": true,
    "management-actions": [],
    "name": "Windows Server",
    "resource-type": {
        "icon": "",
        "label": "Service",
        "lifecycle": "ACTIVE",
        "list-view-columns": [],
        "name": "service",
        "plural-label": null
    },
    "sequence": 0,
    "show-recipient-field-on-order-form": false,
    "teardown-items": []
}