{
    "any_group_can_deploy": true,
    "auto_historical_resources": false,
    "blueprint_image": "/static/uploads/blueprints/Aria_to_CMP_0MxQvqM.png",
    "custom_form": "FRM-mrit3o5b",
    "deployment_items": [
        {
            "action_name": "Migrate Aria Metadata",
            "continue_on_failure": false,
            "deploy_seq": 1,
            "description": "",
            "enabled": true,
            "execute_in_parallel": false,
            "id": "BDI-385xkog1",
            "name": "Migrate Aria Metadata",
            "run_on_scale_up": true,
            "show_on_order_form": false,
            "tier_type": "plugin"
        }
    ],
    "description": "",
    "favorited": true,
    "has_custom_form": true,
    "icon": "Aria_to_CMP_0MxQvqM.png",
    "id": "BP-9v996l7e",
    "is_manageable": true,
    "is_orderable": true,
    "labels": [],
    "last_updated": "2023-12-01",
    "management_actions": [],
    "maximum_version_required": "",
    "minimum_version_required": "8.6",
    "name": "Migrate Aria Deployments for Blueprint",
    "resource_name_template": null,
    "sequence": 0,
    "show_recipient_field_on_order_form": false,
    "teardown_items": []
}