{
    "action-inputs": [
        {
            "available-all-servers": false,
            "description": "Boolean flag to turn on and off Azure Policy addon",
            "field-dependency-controlling-set": [],
            "field-dependency-dependent-set": [],
            "global-options": [],
            "hide-if-default-value": false,
            "label": "Enable Azure Policy",
            "name": "enable_azure_policy",
            "relevant-osfamilies": [],
            "required": true,
            "show-as-attribute": false,
            "show-on-servers": false,
            "type": "BOOL"
        },
        {
            "available-all-servers": false,
            "description": "Boolean flag to turn on and off http application routing",
            "field-dependency-controlling-set": [],
            "field-dependency-dependent-set": [],
            "global-options": [],
            "hide-if-default-value": false,
            "label": "Http Application Routing",
            "name": "http_application_routing",
            "relevant-osfamilies": [],
            "required": true,
            "show-as-attribute": false,
            "show-on-servers": false,
            "type": "BOOL"
        },
        {
            "available-all-servers": false,
            "description": "The version of Kubernetes",
            "field-dependency-controlling-set": [],
            "field-dependency-dependent-set": [],
            "global-options": [],
            "hide-if-default-value": false,
            "label": "Kubernetes Version",
            "name": "kubernetes_version",
            "relevant-osfamilies": [],
            "required": true,
            "show-as-attribute": false,
            "show-on-servers": false,
            "type": "STR"
        },
        {
            "available-all-servers": false,
            "description": "How many nodes to deploy for the cluster",
            "field-dependency-controlling-set": [],
            "field-dependency-dependent-set": [],
            "global-options": [],
            "hide-if-default-value": false,
            "label": "Node Count",
            "maximum": "50.00",
            "minimum": "1.00",
            "name": "node_count",
            "relevant-osfamilies": [],
            "required": true,
            "show-as-attribute": false,
            "show-on-servers": false,
            "type": "INT"
        },
        {
            "available-all-servers": false,
            "description": "Disk size (in GiB) to provision for each of the agent pool nodes. This value ranges from 0 to 1023. Specifying 0 will apply the default disk size for that agentVMSize",
            "field-dependency-controlling-set": [],
            "field-dependency-dependent-set": [],
            "global-options": [],
            "hide-if-default-value": false,
            "label": "Os Disk Size",
            "maximum": "1023.00",
            "name": "os_disk_size",
            "relevant-osfamilies": [],
            "required": true,
            "show-as-attribute": false,
            "show-on-servers": false,
            "type": "INT"
        }
    ],
    "action-inputs-sequence": [
        "node_count",
        "os_disk_size",
        "kubernetes_version",
        "http_application_routing",
        "enable_azure_policy"
    ],
    "description": "",
    "max-retries": 0,
    "name": "AKS Cluster Day 2",
    "resource-technologies": [],
    "script-filename": "day2.py",
    "shared": "True",
    "target-os-families": [],
    "type": "CloudBolt Plug-in"
}