{
    "any-group-can-deploy": true,
    "auto-historical-resources": false,
    "build-items": [
        {
            "all-environments-enabled": true,
            "allowable-os-families": [
                "CentOS",
                "Red Hat"
            ],
            "deploy-seq": 1,
            "description": "",
            "execute-in-parallel": false,
            "hostname-template": "",
            "name": "Postgres SQL Server",
            "restrict-applications": false,
            "show-on-order-form": false,
            "type": "provserver"
        },
        {
            "action-name": "Install PostgresSQL On CentOS (1)",
            "continue-on-failure": false,
            "deploy-seq": 3,
            "description": "",
            "execute-in-parallel": false,
            "name": "Install Postgres",
            "run-on-scale-up": true,
            "show-on-order-form": true,
            "type": "script"
        }
    ],
    "description": "Installs Postgres on provisioned machines on VMware.\r\nCurrently, this will only work in CentOS6 and CentOS7.",
    "favorited": false,
    "icon": "postgres_vW4OFU1_nf1RGYM.png",
    "is-orderable": true,
    "management-actions": [
        {
            "enabled": "True",
            "label": "Restart PostgresSql server (1)"
        },
        {
            "enabled": "True",
            "label": "Stop PostgresSQL Server (1)"
        }
    ],
    "name": "PostgresSQL on CentOS or RedHat",
    "resource-type": {
        "icon": "fas fa-database",
        "label": "Database",
        "lifecycle": "ACTIVE",
        "list-view-columns": [],
        "name": "database",
        "plural-label": null
    },
    "sequence": 0,
    "show-recipient-field-on-order-form": false,
    "teardown-items": []
}