{
    "any-group-can-deploy": true,
    "auto-historical-resources": false,
    "build-items": [
        {
            "action-name": "OneFuse Naming As a Service",
            "continue-on-failure": false,
            "deploy-seq": 1,
            "description": "",
            "execute-in-parallel": false,
            "name": "OneFuse Naming As a Service",
            "parameter-defaults": [
                {
                    "label": "Onefuse Naming Policy",
                    "name": "onefuse_naming_policy_a501",
                    "value": "machine"
                }
            ],
            "run-on-scale-up": true,
            "show-on-order-form": true,
            "type": "plugin"
        }
    ],
    "description": "",
    "favorited": false,
    "icon": "of_naming_blue_48.png",
    "is-orderable": true,
    "management-actions": [],
    "name": "Naming as a Service",
    "resource-type": {
        "icon": "fas fa-tag",
        "label": "OneFuse Name",
        "lifecycle": "ACTIVE",
        "list-view-columns": [],
        "name": "onefuse_name",
        "plural-label": null
    },
    "sequence": 0,
    "show-recipient-field-on-order-form": false,
    "teardown-items": [
        {
            "action-name": "Naming as a Service Teardown",
            "continue-on-failure": false,
            "deploy-seq": -1,
            "description": null,
            "execute-in-parallel": false,
            "name": "Naming as a Service Teardown",
            "type": "teardown_plugin"
        }
    ]
}