{
    "any-group-can-deploy": true,
    "auto-historical-resources": false,
    "build-items": [
        {
            "action-name": "Boot Instance from Volume (2) (1)",
            "continue-on-failure": false,
            "deploy-seq": 1,
            "description": null,
            "execute-in-parallel": false,
            "name": "Boot Instance from Volume",
            "run-on-scale-up": true,
            "show-on-order-form": true,
            "type": "plugin"
        }
    ],
    "description": "Creates an openstack instance from a bootable volume.",
    "favorited": false,
    "icon": "openstack-heat_hVeyCl5_a7qhAgE_5xEl9Nj.png",
    "is-orderable": true,
    "management-actions": [],
    "name": "Openstack Volume Instance",
    "resource-type": {
        "icon": "",
        "label": "Volume Instance",
        "lifecycle": "ACTIVE",
        "list-view-columns": [],
        "name": "volume_instance",
        "plural-label": null
    },
    "sequence": 0,
    "show-recipient-field-on-order-form": false,
    "teardown-items": [
        {
            "action-name": "Delete Volume Instance (2) (1)",
            "continue-on-failure": false,
            "deploy-seq": 2,
            "description": null,
            "execute-in-parallel": false,
            "name": "Delete Volume Instances",
            "type": "teardown_plugin"
        }
    ]
}