{
    "any_group_can_deploy": true,
    "auto_historical_resources": false,
    "blueprint_image": "/static/uploads/blueprints/Ansible_Icon_ygru7uT.png",
    "deployment_items": [
        {
            "action_name": "Ansible Tower Job Template from Extra Vars Dict",
            "continue_on_failure": false,
            "deploy_seq": 1,
            "description": "",
            "execute_in_parallel": false,
            "id": "BDI-ra7e3b8o",
            "name": "Ansible Tower Job Template from Extra Vars Dict",
            "parameter_defaults": [
                {
                    "label": "Ansible Template Id",
                    "name": "ansible_template_id_a673",
                    "value": "80"
                },
                {
                    "label": "Ansible Tower",
                    "name": "ansible_tower_a673",
                    "value": "14"
                },
                {
                    "label": "Extra Vars",
                    "name": "extra_vars_a673",
                    "value": "{\r\n  \"postprovisioning_workflow_name\": \"013-wflaunch-wf-post-provisioning-baseconfig-aws-linux\",\r\n  \"predestroy_workflow_name\": \"013-wflaunch-wf-predestroy-base-aws-linux\",\r\n  \"aws_account_id\": \"256177873118\",\r\n  \"aws_region\": \"us-west-2\",\r\n  \"tags_environment\": \"Dev\",\r\n  \"tags_dud\": \"51519542097\",\r\n  \"tags_owner\": \"owner\",\r\n  \"tags_project\": \"project name\",\r\n  \"aws_instance1name\": \"prov-qa-3\",\r\n  \"aws_instance1count\": \"1\",\r\n  \"aws_instance1instance_type\": \"t2.xlarge\",\r\n  \"aws_instance1subnet_id\": \"subnet-085b2f9dbad26d648\",\r\n  \"aws_instance2name\": \"prov-qa-4\",\r\n  \"aws_instance2count\": \"2\",\r\n  \"aws_instance2instance_type\": \"t2.xlarge\",\r\n  \"aws_instance2subnet_id\": \"subnet-085b2f9dbad26d648\",\r\n  \"aws_security_group_rule_ingress1from_port\": \"22\",\r\n  \"aws_security_group_rule_ingress1to_port\": \"22\",\r\n  \"aws_security_group_rule_ingress1protocol\": \"TCP\",\r\n  \"aws_security_group_rule_ingress1cidr_blocks\": \"\\\"10.10.10.0/24\\\", \\\"10.10.1.0/24\\\"\",\r\n  \"tfe_workspace_name\": \"leo-ansible-001\",\r\n  \"tfe_state\": \"apply\",\r\n  \"nolog\": \"no\",\r\n  \"aws_security_group_rule_ingress2from_port\": \"23\",\r\n  \"aws_security_group_rule_ingress2to_port\": \"23\",\r\n  \"aws_security_group_rule_ingress2protocol\": \"TCP\",\r\n  \"aws_security_group_rule_ingress2cidr_blocks\": \"\\\"10.10.10.0/24\\\", \\\"10.10.1.0/24\\\"\"\r\n}"
                },
                {
                    "label": "Template Type",
                    "name": "template_type_a673",
                    "value": "job_templates"
                }
            ],
            "run_on_scale_up": true,
            "show_on_order_form": true,
            "tier_type": "plugin"
        },
        {
            "action_name": "Create Servers",
            "continue_on_failure": false,
            "deploy_seq": 2,
            "description": "",
            "execute_in_parallel": false,
            "id": "BDI-bynpmfqu",
            "name": "Create Servers",
            "parameter_defaults": [
                {
                    "label": "Aws Server Id Cf",
                    "name": "aws_server_id_cf_a678",
                    "value": "fact_aws_server_ids"
                },
                {
                    "label": "Azure Server Id Cf",
                    "name": "azure_server_id_cf_a678",
                    "value": "fact_azure_server_ids"
                },
                {
                    "label": "Env Id Cf",
                    "name": "env_id_cf_a678",
                    "value": "extra_var_at_env_id"
                }
            ],
            "run_on_scale_up": true,
            "show_on_order_form": false,
            "tier_type": "plugin"
        }
    ],
    "description": "Dynamically load a form to submit a request for an Ansible Job Template or Workflow. <br>\r\nThe form fields will be passed as Extra Vars to the Job.",
    "favorited": false,
    "icon": "Ansible_Icon_ygru7uT.png",
    "id": "BP-b0otxb8w",
    "is_manageable": true,
    "is_orderable": true,
    "labels": [],
    "last_updated": "2022-11-14",
    "management_actions": [],
    "maximum_version_required": "",
    "minimum_version_required": "8.6",
    "name": "Ansible Job Template Execution",
    "parameters": [
        {
            "allow_multiple": false,
            "available_all_servers": false,
            "constraints": "Unconstrained",
            "description": "",
            "destination": "Both",
            "field_dependency_controlling_set": [],
            "field_dependency_dependent_set": [],
            "global_options": [],
            "label": "Form Enabled",
            "name": "form_enabled",
            "options": [
                "True"
            ],
            "placeholder": "",
            "relevant_osfamilies": [],
            "required": false,
            "show_as_attribute": false,
            "show_on_servers": false,
            "type": "BOOL",
            "value_pattern_string": null
        }
    ],
    "resource_name_template": null,
    "resource_type": {
        "icon": "",
        "id": "RT-0yro5q03",
        "label": "Service",
        "lifecycle": "ACTIVE",
        "list_view_columns": [],
        "name": "service",
        "plural_label": null
    },
    "sequence": 0,
    "show_recipient_field_on_order_form": false,
    "teardown_items": [
        {
            "action_name": "Ansible Tower Job Template Override Resource Params",
            "continue_on_failure": false,
            "deploy_seq": -2,
            "description": "",
            "execute_in_parallel": false,
            "id": "BDI-xn8panse",
            "name": "Ansible Tower Job Template Override Resource Params",
            "parameter_defaults": [
                {
                    "label": "Ansible Template Id",
                    "name": "ansible_template_id_a675",
                    "value": "80"
                },
                {
                    "label": "Ansible Tower",
                    "name": "ansible_tower_a675",
                    "value": "14"
                },
                {
                    "label": "Override Params",
                    "name": "override_params_a675",
                    "value": "{\"tfe_state\":\"destroy\"}"
                },
                {
                    "label": "Template Type",
                    "name": "template_type_a675",
                    "value": "job_templates"
                }
            ],
            "run_on_scale_up": true,
            "show_on_order_form": true,
            "tier_type": "teardown_plugin"
        },
        {
            "action_name": "Set Servers in Resource to Historical",
            "continue_on_failure": false,
            "deploy_seq": -1,
            "description": null,
            "execute_in_parallel": false,
            "id": "BDI-zoxui85u",
            "name": "Set Servers in Resource to Historical",
            "run_on_scale_up": true,
            "show_on_order_form": true,
            "tier_type": "teardown_plugin"
        }
    ]
}