{
    "any_group_can_deploy": true,
    "auto_historical_resources": false,
    "blueprint_image": "/static/uploads/blueprints/jenkins_LgwRh5x.png",
    "deployment_items": [
        {
            "action_name": "Jenkins Generic Webhook Job",
            "continue_on_failure": false,
            "deploy_seq": 1,
            "description": "",
            "execute_in_parallel": false,
            "id": "BDI-hss6vfbm",
            "name": "Jenkins Generic Webhook Job",
            "parameter_defaults": [
                {
                    "label": "Index",
                    "name": "index_a631",
                    "value": "1"
                },
                {
                    "label": "Jenkins Fqdn",
                    "name": "jenkins_fqdn_a631",
                    "value": "jenkins.cblabsales.net:8080"
                },
                {
                    "label": "Jenkins Token",
                    "name": "jenkins_token_a631",
                    "value": "/yg9lUAjeQ1oWZlV3rpH7rmIHbsk8UZ1sNvwdJ1loTsgPlf7T6W+Jr0xxbi7WpYj<CB_DELIM>buK2uOXdnotkYpRZC1aubQ=="
                },
                {
                    "label": "Jenkins Username",
                    "name": "jenkins_username_a631",
                    "value": "cblabsales"
                },
                {
                    "label": "OS",
                    "name": "os_a631",
                    "value": "Rocky8"
                },
                {
                    "label": "Pipeline Name",
                    "name": "pipeline_name_a631",
                    "value": "cb-test-pipeline-generic-webhook-trigger"
                },
                {
                    "label": "Protocol",
                    "name": "protocol_a631",
                    "value": "http"
                },
                {
                    "label": "Site",
                    "name": "site_a631",
                    "value": "itwlab"
                },
                {
                    "label": "Size",
                    "name": "size_a631",
                    "value": "small"
                },
                {
                    "label": "Tags",
                    "name": "tags_a631",
                    "value": "build"
                },
                {
                    "label": "Webhook Token",
                    "name": "webhook_token_a631",
                    "value": "khjyFocEQKSKglr8r0BWkrbvvzfbFT/xjDpMCrtGaMU=<CB_DELIM>EkZZs7kKpUmxvY7YrynlYw=="
                }
            ],
            "run_on_scale_up": true,
            "show_on_order_form": true,
            "tier_type": "plugin"
        }
    ],
    "description": "",
    "favorited": false,
    "icon": "jenkins_LgwRh5x.png",
    "id": "BP-pcq9jnhc",
    "is_manageable": true,
    "is_orderable": true,
    "labels": [],
    "last_updated": "2022-09-01",
    "management_actions": [],
    "maximum_version_required": "",
    "minimum_version_required": "8.6",
    "name": "Jenkins Generic Webhook Job",
    "resource_name_template": null,
    "resource_type": {
        "icon": "",
        "id": "RT-0yro5q03",
        "label": "Service",
        "lifecycle": "ACTIVE",
        "list_view_columns": [],
        "name": "service",
        "plural_label": null
    },
    "sequence": 0,
    "show_recipient_field_on_order_form": false,
    "teardown_items": []
}