{
    "any_group_can_deploy": false,
    "auto_historical_resources": false,
    "blueprint_image": "/static/uploads/blueprints/Ansible_Icon_PsP74KJ.png",
    "deployment_items": [
        {
            "all_environments_enabled": false,
            "allowed_os_families": [
                "Linux"
            ],
            "applications": null,
            "deploy_seq": 1,
            "description": "",
            "environment_selection_orchestration": null,
            "execute_in_parallel": false,
            "hostname_template": "mb-tst-00X",
            "id": "BDI-1ax7kt54",
            "name": "Server",
            "os_build": {
                "href": "/api/v3/cmp/osBuilds/OSB-lcb8fmtl/",
                "title": "Oracle Enterprise Linux 8"
            },
            "restrict_applications": false,
            "show_on_order_form": false,
            "tier_type": "server"
        },
        {
            "action_name": "Ansible Core Ad-Hoc",
            "continue_on_failure": false,
            "deploy_seq": 2,
            "description": "",
            "enabled": true,
            "execute_in_parallel": false,
            "id": "BDI-63cviccp",
            "name": "Ansible Core Ad-Hoc",
            "parameter_defaults": [
                {
                    "label": "Ansible Conf Id",
                    "name": "ansible_conf_id_a1275",
                    "value": "1"
                },
                {
                    "label": "Inventory Group",
                    "name": "inventory_group_a1275",
                    "value": "None"
                },
                {
                    "label": "Inventory Path",
                    "name": "inventory_path_a1275",
                    "value": "/home/ansible/inventories/order_{{order.id}}_inventory"
                },
                {
                    "label": "Playbook Path",
                    "name": "playbook_path_a1275",
                    "value": "/home/ansible/ansible-playbooks/httpd.yaml"
                },
                {
                    "label": "Server Id",
                    "name": "server_id_a1275",
                    "value": "{{blueprint_context.server.server.id}}"
                }
            ],
            "run_on_scale_up": true,
            "show_on_order_form": false,
            "tier_type": "plugin"
        }
    ],
    "description": "",
    "favorited": false,
    "icon": "Ansible_Icon_PsP74KJ.png",
    "id": "BP-5fpqetq4",
    "is_manageable": true,
    "is_orderable": true,
    "labels": [],
    "last_updated": "2024-11-07",
    "management_actions": [],
    "maximum_version_required": "",
    "minimum_version_required": "8.6",
    "name": "Ansible Core Ad-Hoc",
    "resource_name_template": null,
    "sequence": 0,
    "show_recipient_field_on_order_form": false,
    "teardown_items": []
}