{
    "any_group_can_deploy": true,
    "auto_historical_resources": false,
    "blueprint_image": "/static/uploads/blueprints/azuredevops_Yv18FYk.png",
    "deployment_items": [
        {
            "action_name": "Convert Azure DevOps URL to Raw File URL",
            "continue_on_failure": false,
            "deploy_seq": 1,
            "description": null,
            "execute_in_parallel": false,
            "id": "BDI-jtuwpygo",
            "name": "Convert Azure DevOps URL to Raw File URL",
            "run_on_scale_up": true,
            "show_on_order_form": true,
            "tier_type": "plugin"
        }
    ],
    "description": "",
    "favorited": false,
    "icon": "azuredevops_Yv18FYk.png",
    "id": "BP-8p0nrkl7",
    "is_manageable": true,
    "is_orderable": true,
    "labels": [],
    "last_updated": "2022-09-26",
    "management_actions": [],
    "maximum_version_required": "",
    "minimum_version_required": "8.6",
    "name": "Convert ADO URL to Raw File Link",
    "resource_name_template": null,
    "sequence": 0,
    "show_recipient_field_on_order_form": false,
    "teardown_items": []
}