{
    "action_input_default_values": [
        {
            "label": "Architecture Id",
            "name": "architecture_id_a645",
            "value": "1"
        },
        {
            "label": "Domain Id",
            "name": "domain_id_a645",
            "value": "3"
        },
        {
            "label": "Environment Id",
            "name": "environment_id_a645",
            "value": "4"
        },
        {
            "label": "Foreman Server",
            "name": "foreman_server_a645",
            "value": "21"
        },
        {
            "label": "Hostgroup Id",
            "name": "hostgroup_id_a645",
            "value": "1"
        },
        {
            "label": "Operatingsystem Id",
            "name": "operatingsystem_id_a645",
            "value": "1"
        }
    ],
    "base_action_name": "Register With Foreman",
    "continue_on_failure": false,
    "description": "",
    "enabled": true,
    "hook_point": "Network Verification",
    "id": "HPA-wwp2kx6u",
    "last_updated": "2022-09-20",
    "maximum_version_required": "",
    "minimum_version_required": "8.6",
    "name": "Register With Foreman",
    "run_on_statuses": "",
    "run_seq": 2
}