{
    "action_input_default_values": [
        {
            "label": "Bus Number",
            "name": "bus_number_a1234",
            "value": "1"
        },
        {
            "label": "Datastore Cluster Name",
            "name": "datastore_cluster_name_a1234",
            "value": "CB_Nimble"
        }
    ],
    "action_inputs": [
        {
            "allow-multiple": false,
            "available-all-servers": false,
            "description": null,
            "field-dependency-controlling-set": [],
            "field-dependency-dependent-set": [],
            "global-options": [],
            "hide-if-default-value": true,
            "id": "CF-1akag1ug",
            "label": "Bus Number",
            "name": "bus_number",
            "placeholder": null,
            "relevant-osfamilies": [],
            "required": true,
            "show-as-attribute": false,
            "show-on-servers": false,
            "type": "STR",
            "value-pattern-string": null
        },
        {
            "allow-multiple": false,
            "available-all-servers": false,
            "description": null,
            "field-dependency-controlling-set": [],
            "field-dependency-dependent-set": [],
            "global-options": [],
            "hide-if-default-value": true,
            "id": "CF-wp35222b",
            "label": "Datastore Cluster Name",
            "name": "datastore_cluster_name",
            "placeholder": null,
            "relevant-osfamilies": [],
            "required": true,
            "show-as-attribute": false,
            "show-on-servers": false,
            "type": "STR",
            "value-pattern-string": null
        }
    ],
    "base_action_name": "Create Page File Disk",
    "continue_on_failure": false,
    "description": "",
    "enabled": true,
    "hook_point": "Post-Provision",
    "id": "HPA-3e6ubbyg",
    "last_updated": "2024-06-06",
    "maximum_version_required": "",
    "minimum_version_required": "8.6",
    "name": "Create Page File Disk",
    "run_on_statuses": "",
    "run_seq": 19
}