{
    "any_group_can_deploy": false,
    "auto_historical_resources": false,
    "blueprint_image": "/static/uploads/blueprints/vCloudDirector_chMm2hc.png",
    "custom_form": "FRM-bia0w4d6",
    "deployment_items": [
        {
            "continue_on_failure": false,
            "deploy_seq": 1,
            "description": "Creates a new vCloud Director Organization",
            "execute_in_parallel": false,
            "id": "BDI-sz2cr3s6",
            "name": "vCloud Director Organization",
            "restrict_execution_scope": true,
            "show_on_order_form": false,
            "tier_type": "blueprint"
        },
        {
            "action_name": "Pass vCD Organization to Organization VDC",
            "continue_on_failure": false,
            "deploy_seq": 2,
            "description": null,
            "enabled": true,
            "execute_in_parallel": false,
            "id": "BDI-he64ha2h",
            "name": "Pass vCD Organization to Organization VDC",
            "run_on_scale_up": true,
            "show_on_order_form": false,
            "tier_type": "plugin"
        },
        {
            "continue_on_failure": false,
            "deploy_seq": 3,
            "description": "Creates an Organization Virtual Datacenter in the specified vCloud Director (vCD) Instance.",
            "execute_in_parallel": false,
            "id": "BDI-q81aghcq",
            "name": "vCloud Director Organization VDC",
            "restrict_execution_scope": true,
            "show_on_order_form": false,
            "tier_type": "blueprint"
        }
    ],
    "description": "Creates a new vCD Organization and Organization vDC.",
    "favorited": false,
    "has_custom_form": true,
    "icon": "vCloudDirector_chMm2hc.png",
    "id": "BP-gwy1tqku",
    "is_manageable": true,
    "is_orderable": true,
    "labels": [],
    "last_updated": "2025-01-24",
    "management_actions": [],
    "maximum_version_required": "",
    "minimum_version_required": "8.6",
    "name": "Onboard vCloud Director Customer",
    "resource_name_template": null,
    "resource_type": {
        "icon": "fas fa-users",
        "id": "RT-1t3hw96r",
        "label": "vCD Customer",
        "lifecycle": "ACTIVE",
        "list_view_columns": [],
        "name": "vcd_customer",
        "plural_label": "vCD Customers"
    },
    "sequence": 0,
    "show_recipient_field_on_order_form": false,
    "teardown_items": [
        {
            "action_name": "Delete Resources in Reverse Order",
            "continue_on_failure": false,
            "deploy_seq": -1,
            "description": null,
            "enabled": true,
            "execute_in_parallel": false,
            "id": "BDI-7ec25bpi",
            "name": "Delete Resources in Reverse Order",
            "run_on_scale_up": true,
            "show_on_order_form": false,
            "tier_type": "teardown_plugin"
        }
    ]
}