{
    "any_group_can_deploy": false,
    "auto_historical_resources": false,
    "blueprint_image": "/static/uploads/blueprints/terraform_xt5ADZ9.png",
    "deployment_items": [
        {
            "action_name": "Create Terraform Variable Maps",
            "continue_on_failure": false,
            "deploy_seq": 1,
            "description": null,
            "enabled": true,
            "execute_in_parallel": false,
            "id": "BDI-3eyuhot1",
            "name": "Create Terraform Variable Maps",
            "run_on_scale_up": true,
            "show_on_order_form": false,
            "tier_type": "plugin"
        }
    ],
    "description": "This Blueprint will perform initial setup for Terraform operations in CloudBolt. It will:\r\n- Find variables that are associated with the TerraForm Operation\r\n- Allow the User to select from a list of variables as to which ones to setup\r\n- Then the Variables will be used to create a new Variable Map\r\n- Each Variable will have a corresponding Parameter created in CloudBolt.\r\n- In addition, if map_all_environment_types has a value, the Terraform Operation will be mapped to all environments of the selected type.",
    "favorited": false,
    "icon": "terraform_xt5ADZ9.png",
    "id": "BP-od5e2fky",
    "is_manageable": true,
    "is_orderable": true,
    "labels": [],
    "last_updated": "2024-04-22",
    "management_actions": [],
    "maximum_version_required": "",
    "minimum_version_required": "8.6",
    "name": "Create Terraform Variable Maps",
    "resource_name_template": null,
    "sequence": 0,
    "show_recipient_field_on_order_form": false,
    "teardown_items": []
}