{
    "any_group_can_deploy": true,
    "auto_historical_resources": false,
    "blueprint_image": null,
    "custom_form": "FRM-c3oseguw",
    "deployment_items": [
        {
            "action_name": "File Upload",
            "continue_on_failure": false,
            "deploy_seq": 1,
            "description": null,
            "enabled": true,
            "execute_in_parallel": false,
            "id": "BDI-ubp9cxwr",
            "name": "File Upload",
            "run_on_scale_up": true,
            "show_on_order_form": false,
            "tier_type": "plugin"
        }
    ],
    "description": "",
    "favorited": false,
    "has_custom_form": true,
    "id": "BP-w3wfbwiz",
    "is_manageable": true,
    "is_orderable": true,
    "labels": [],
    "last_updated": "2023-11-17",
    "management_actions": [],
    "maximum_version_required": "",
    "minimum_version_required": "8.6",
    "name": "Custom Form File Upload",
    "resource_name_template": null,
    "sequence": 0,
    "show_recipient_field_on_order_form": false,
    "teardown_items": []
}