{
    "any_group_can_deploy": false,
    "auto_historical_resources": false,
    "blueprint_image": "/static/uploads/blueprints/of_naming_blue.png",
    "deployment_items": [
        {
            "action_name": "Set Resource Name from Template",
            "continue_on_failure": false,
            "deploy_seq": 1,
            "description": "",
            "execute_in_parallel": false,
            "id": "BDI-5tp65vq6",
            "name": "Set Resource Name from Template",
            "parameter_defaults": [
                {
                    "label": "Parameter Name",
                    "name": "parameter_name_a755",
                    "value": "cb_name_1"
                },
                {
                    "label": "Resource Name Template",
                    "name": "resource_name_template_a755",
                    "value": "build1-{{resource.group.name|lower}}-{{resource.name_env|lower}}-00X"
                }
            ],
            "run_on_scale_up": true,
            "show_on_order_form": true,
            "tier_type": "plugin"
        },
        {
            "action_name": "Set Resource Name from Template",
            "continue_on_failure": false,
            "deploy_seq": 2,
            "description": "",
            "execute_in_parallel": false,
            "id": "BDI-guathgmk",
            "name": "Set Name 2 from Template",
            "parameter_defaults": [
                {
                    "label": "Parameter Name",
                    "name": "parameter_name_a755",
                    "value": "cb_name_2"
                },
                {
                    "label": "Resource Name Template",
                    "name": "resource_name_template_a755",
                    "value": "build2-{{resource.group.name|lower}}-{{resource.name_env|lower}}-00X"
                }
            ],
            "run_on_scale_up": true,
            "show_on_order_form": true,
            "tier_type": "plugin"
        },
        {
            "action_name": "OneFuse Naming As a Service",
            "continue_on_failure": false,
            "deploy_seq": 3,
            "description": "",
            "execute_in_parallel": false,
            "id": "BDI-mob9y5at",
            "name": "OneFuse Naming As a Service",
            "parameter_defaults": [
                {
                    "label": "Name Parameter",
                    "name": "name_parameter_a501",
                    "value": "cb_onefuse_resource_name"
                },
                {
                    "label": "Onefuse Endpoint",
                    "name": "onefuse_endpoint_a501",
                    "value": "onefuse_internal"
                },
                {
                    "label": "Onefuse Naming Policy",
                    "name": "onefuse_naming_policy_a501",
                    "value": "resource_naming_policy"
                }
            ],
            "run_on_scale_up": true,
            "show_on_order_form": true,
            "tier_type": "plugin"
        },
        {
            "action_name": "Print Resource Names",
            "continue_on_failure": false,
            "deploy_seq": 4,
            "description": null,
            "execute_in_parallel": false,
            "id": "BDI-lxari6vq",
            "name": "Print Resource Names",
            "run_on_scale_up": true,
            "show_on_order_form": true,
            "tier_type": "plugin"
        }
    ],
    "description": "",
    "favorited": false,
    "icon": "of_naming_blue.png",
    "id": "BP-bewqoe1c",
    "is_manageable": true,
    "is_orderable": true,
    "labels": [],
    "last_updated": "2023-03-31",
    "management_actions": [],
    "maximum_version_required": "",
    "minimum_version_required": "8.6",
    "name": "Resource Naming",
    "parameters": [
        {
            "allow_multiple": false,
            "available_all_servers": false,
            "constraints": "Unconstrained",
            "description": "Created by the OneFuse plugin for CloudBolt",
            "destination": "Both",
            "field_dependency_controlling_set": [],
            "field_dependency_dependent_set": [],
            "global_options": [],
            "label": "Environment",
            "name": "name_env",
            "options": [],
            "placeholder": null,
            "relevant_osfamilies": [],
            "required": false,
            "show_as_attribute": false,
            "show_on_servers": true,
            "type": "STR",
            "value_pattern_string": ""
        }
    ],
    "resource_name_template": "name-{{group.name|lower}}-{{name_env|lower}}-00X",
    "resource_type": {
        "icon": "",
        "id": "RT-0yro5q03",
        "label": "Service",
        "lifecycle": "ACTIVE",
        "list_view_columns": [],
        "name": "service",
        "plural_label": null
    },
    "sequence": 0,
    "show_recipient_field_on_order_form": false,
    "teardown_items": [
        {
            "action_name": "OneFuse Naming as a Service Teardown",
            "continue_on_failure": false,
            "deploy_seq": -1,
            "description": null,
            "execute_in_parallel": false,
            "id": "BDI-li4ol26s",
            "name": "OneFuse Naming as a Service Teardown",
            "run_on_scale_up": true,
            "show_on_order_form": true,
            "tier_type": "teardown_plugin"
        }
    ]
}