{
    "action_input_default_values": [],
    "base_action_name": "Ansible Tower Job Template",
    "dangerous": false,
    "dialog_message": "",
    "enabled": true,
    "extra_classes": "fas fa-bolt",
    "id": "SVA-4z81i2kn",
    "is_synchronous": false,
    "label": "Ansible Tower Job Template",
    "last_updated": "2023-04-20",
    "maximum_version_required": "",
    "minimum_version_required": "8.6",
    "new_tab_url": null,
    "requires_approval": false,
    "sequence": null,
    "submit_button_label": ""
}