{
    "any_group_can_deploy": true,
    "auto_historical_resources": true,
    "blueprint_image": "/static/uploads/blueprints/vmware_nsx_featured.jpg",
    "deployment_items": [
        {
            "action_name": "NSX-T Create Network Segment",
            "continue_on_failure": false,
            "deploy_seq": 1,
            "description": null,
            "execute_in_parallel": false,
            "id": "BDI-d7b10vt5",
            "name": "NSX-T Create Network Segment",
            "run_on_scale_up": true,
            "show_on_order_form": true,
            "tier_type": "plugin"
        }
    ],
    "description": "",
    "favorited": false,
    "icon": "vmware_nsx_featured.jpg",
    "id": "BP-wfjsu4t2",
    "is_manageable": true,
    "is_orderable": true,
    "labels": [],
    "last_updated": "2022-10-20",
    "management_actions": [
        {
            "enabled": true,
            "label": "Update Groups"
        }
    ],
    "maximum_version_required": "",
    "minimum_version_required": "8.6",
    "name": "NSX-T Network Segment",
    "resource_name_template": "NSX-00X",
    "resource_type": {
        "icon": "glyphicon glyphicon-move",
        "id": "RT-mxfexgu0",
        "label": "Network",
        "lifecycle": "ACTIVE",
        "list_view_columns": [],
        "name": "network",
        "plural_label": null
    },
    "sequence": 0,
    "show_recipient_field_on_order_form": false,
    "teardown_items": [
        {
            "action_name": "Teardown NSX-T Network Segment",
            "continue_on_failure": false,
            "deploy_seq": -1,
            "description": null,
            "execute_in_parallel": false,
            "id": "BDI-wjb36x0v",
            "name": "Teardown NSX-T Network Segment",
            "run_on_scale_up": true,
            "show_on_order_form": true,
            "tier_type": "teardown_plugin"
        }
    ]
}