{
    "description": null,
    "enabled": true,
    "icon_url": "",
    "id": "XUI-1jf2sebo",
    "label": "",
    "last_updated": "2022-11-14",
    "maximum_version_required": "",
    "minimum_version_required": "8.6",
    "name": "ansible_tower_custom_form",
    "package_contents": [
        "ansible_tower_custom_form/urls.py",
        "ansible_tower_custom_form/views.py",
        "ansible_tower_custom_form/__init__.py",
        "ansible_tower_custom_form/__pycache__/__init__.cpython-39.pyc",
        "ansible_tower_custom_form/__pycache__/urls.cpython-39.pyc",
        "ansible_tower_custom_form/__pycache__/views.cpython-39.pyc",
        "ansible_tower_custom_form/templates/form.html",
        "ansible_tower_custom_form/static/i18n/BR.png",
        "ansible_tower_custom_form/static/i18n/GERMANY.png",
        "ansible_tower_custom_form/static/i18n/GREECE.png",
        "ansible_tower_custom_form/static/i18n/ISRAEL.png",
        "ansible_tower_custom_form/static/i18n/KOREA.png",
        "ansible_tower_custom_form/static/i18n/SAUDI.png",
        "ansible_tower_custom_form/static/js/survey.jquery.min.js",
        "ansible_tower_custom_form/forms/aws_machine.json",
        "ansible_tower_custom_form/forms/azure_linux_machine.json",
        "ansible_tower_custom_form/forms/azure_windows_machine.json",
        "ansible_tower_custom_form/static/css/survey.css"
    ]
}