{
    "any_group_can_deploy": true,
    "auto_historical_resources": false,
    "blueprint_image": "/static/uploads/blueprints/vmware_nsx_featured_9TwdXMN.jpg",
    "deployment_items": [
        {
            "action_name": "NSX-T Group Build",
            "continue_on_failure": false,
            "deploy_seq": 1,
            "description": null,
            "execute_in_parallel": false,
            "id": "BDI-07p2u1ph",
            "name": "NSX-T Group Build",
            "run_on_scale_up": true,
            "show_on_order_form": true,
            "tier_type": "plugin"
        }
    ],
    "description": "Create an Infrastructure Group in NSX-T",
    "favorited": false,
    "icon": "vmware_nsx_featured_9TwdXMN.jpg",
    "id": "BP-59g1ujd9",
    "is_manageable": true,
    "is_orderable": true,
    "labels": [],
    "last_updated": "2022-11-15",
    "management_actions": [
        {
            "enabled": true,
            "label": "Change NSX-T Group Members"
        }
    ],
    "maximum_version_required": "",
    "minimum_version_required": "8.6",
    "name": "NSX-T Group",
    "resource_name_template": null,
    "resource_type": {
        "icon": "glyphicon glyphicon-th",
        "id": "RT-s5a00igm",
        "label": "NSX-T Group",
        "lifecycle": "ACTIVE",
        "list_view_columns": [],
        "name": "nsxt_group",
        "plural_label": null
    },
    "sequence": 0,
    "show_recipient_field_on_order_form": false,
    "teardown_items": [
        {
            "action_name": "NSX-T Group Teardown",
            "continue_on_failure": false,
            "deploy_seq": 2,
            "description": null,
            "execute_in_parallel": false,
            "id": "BDI-rhk56ufd",
            "name": "NSX-T Group Teardown",
            "run_on_scale_up": true,
            "show_on_order_form": true,
            "tier_type": "teardown_plugin"
        }
    ]
}