{
    "any_group_can_deploy": true,
    "auto_historical_resources": false,
    "blueprint_image": "/static/uploads/blueprints/Ansible_Icon_GNn5kMn.png",
    "deployment_items": [
        {
            "action_name": "Ansible Tower Ad-Hoc",
            "continue_on_failure": false,
            "deploy_seq": 1,
            "description": "",
            "execute_in_parallel": false,
            "id": "BDI-lalcacel",
            "name": "Ansible Tower Ad-Hoc",
            "parameter_defaults": [
                {
                    "label": "Ansible Template Id",
                    "name": "ansible_template_id_a590",
                    "value": "89"
                },
                {
                    "label": "Ansible Tower",
                    "name": "ansible_tower_a590",
                    "value": "14"
                },
                {
                    "label": "Template Type",
                    "name": "template_type_a590",
                    "value": "job_templates"
                }
            ],
            "run_on_scale_up": true,
            "show_on_order_form": false,
            "tier_type": "plugin"
        }
    ],
    "description": "",
    "favorited": false,
    "icon": "Ansible_Icon_GNn5kMn.png",
    "id": "BP-bcguqhok",
    "is_manageable": true,
    "is_orderable": true,
    "labels": [],
    "last_updated": "2023-01-25",
    "management_actions": [],
    "maximum_version_required": "",
    "minimum_version_required": "8.6",
    "name": "Ad-Hoc Ansible Tower Job Template Execution",
    "parameters": [
        {
            "allow_multiple": false,
            "available_all_servers": false,
            "constraints": "Unconstrained",
            "description": null,
            "destination": "Both",
            "field_dependency_controlling_set": [],
            "field_dependency_dependent_set": [],
            "global_options": [],
            "label": "tags_dud",
            "name": "extra_var_tags_dud",
            "options": [],
            "placeholder": null,
            "relevant_osfamilies": [],
            "required": false,
            "show_as_attribute": false,
            "show_on_servers": true,
            "type": "STR",
            "value_pattern_string": null
        },
        {
            "allow_multiple": false,
            "available_all_servers": false,
            "constraints": "Unconstrained",
            "description": null,
            "destination": "Both",
            "field_dependency_controlling_set": [],
            "field_dependency_dependent_set": [],
            "global_options": [],
            "label": "tags_environment",
            "name": "extra_var_tags_environment",
            "options": [],
            "placeholder": null,
            "relevant_osfamilies": [],
            "required": false,
            "show_as_attribute": false,
            "show_on_servers": true,
            "type": "STR",
            "value_pattern_string": null
        },
        {
            "allow_multiple": false,
            "available_all_servers": false,
            "constraints": "Unconstrained",
            "description": null,
            "destination": "Both",
            "field_dependency_controlling_set": [],
            "field_dependency_dependent_set": [],
            "global_options": [],
            "label": "tags_owner",
            "name": "extra_var_tags_owner",
            "options": [],
            "placeholder": null,
            "relevant_osfamilies": [],
            "required": false,
            "show_as_attribute": false,
            "show_on_servers": true,
            "type": "STR",
            "value_pattern_string": null
        }
    ],
    "resource_name_template": null,
    "resource_type": {
        "icon": "glyphicon glyphicon-refresh",
        "id": "RT-5nliu9ie",
        "label": "Ansible Deployment",
        "lifecycle": "ACTIVE",
        "list_view_columns": [],
        "name": "ansible_deployment",
        "plural_label": null
    },
    "sequence": 0,
    "show_recipient_field_on_order_form": false,
    "teardown_items": []
}