{
    "description": null,
    "enabled": true,
    "icon_url": "",
    "id": "XUI-jpm3wjoi",
    "label": "",
    "last_updated": "2022-11-15",
    "maximum_version_required": "",
    "minimum_version_required": "8.6",
    "name": "nsxt",
    "package_contents": [
        "nsxt/forms.py",
        "nsxt/generate_options_for_nsxt_tags.py",
        "nsxt/urls.py",
        "nsxt/views.py",
        "nsxt/xui_settings.py",
        "nsxt/xui_utilities.py",
        "nsxt/__init__.py",
        "nsxt/actions/apply_domain_nsxt_tag.py",
        "nsxt/actions/apply_nsxt_security_tags.py",
        "nsxt/templates/nsxt_rh_tab.html",
        "nsxt/templates/nsxt_server_tab.html"
    ]
}