{
    "any-group-can-deploy": false,
    "auto-historical-resources": false,
    "build-items": [
        {
            "all-environments-enabled": false,
            "deploy-seq": 1,
            "description": "",
            "execute-in-parallel": false,
            "hostname-template": "",
            "name": "Create Ansible Host",
            "restrict-applications": false,
            "show-on-order-form": true,
            "type": "provserver"
        },
        {
            "action-name": "Execute Ansible Tower Template (1) (3)",
            "continue-on-failure": false,
            "deploy-seq": 2,
            "description": null,
            "execute-in-parallel": false,
            "name": "Execute Ansible Tower Template",
            "run-on-scale-up": true,
            "show-on-order-form": true,
            "type": "plugin"
        }
    ],
    "description": "<p>In Ansible Tower, a Job Template is created and associated with an inventory or hosts to run against. When executing the template, it will run on all of the hosts in the associated inventory. CloudBolt will look up the inventory associated with the selected Job Template, create a host record for the new provisioned server and add it to the inventory. This is done so that any future runs of the Job Template will include the new server. CloudBolt will also execute the Job Template with an argument limiting it to only the new host. During this run, it will not execute against the entire inventory.</p>\r\n\r\n<p><b>Use Case:</b> Add host to Ansible Inventory and execute a run again ONLY that host, not the entire inventory</p>\r\n\r\n<p><b>Caveats:</b> The extra vars are currently only added to the host. Extra vars for job templates is a future add-on.</p>",
    "favorited": false,
    "icon": "ansible-tower_ID67Mva_gADA3lR_aJxYQwU.png",
    "is-orderable": true,
    "management-actions": [],
    "name": "Ansible Tower - Execute Template (1)",
    "resource-type": {
        "icon": "",
        "label": "Service",
        "lifecycle": "ACTIVE",
        "list-view-columns": [],
        "name": "service",
        "plural-label": null
    },
    "sequence": 0,
    "show-recipient-field-on-order-form": false,
    "teardown-items": [
        {
            "action-name": "Ansible Tower - Delete Host from Inventory (1) (3)",
            "continue-on-failure": false,
            "deploy-seq": -1,
            "description": null,
            "execute-in-parallel": false,
            "name": "Ansible Tower - Delete Host from Inventory",
            "type": "teardown_plugin"
        }
    ]
}