{
    "action_input_default_values": [],
    "allow_scheduling": false,
    "auto_submit_order": false,
    "base_action_name": "List Access Keys",
    "dangerous": false,
    "dialog_message": "",
    "enabled": true,
    "extra_classes": "fas fa-key",
    "id": "RSA-1hkm8p4y",
    "is_synchronous": false,
    "label": "List Access Keys",
    "last_updated": "2025-09-23",
    "list_view_visible": true,
    "maximum_version_required": "",
    "minimum_version_required": "8.6",
    "new_tab_url": null,
    "requires_approval": false,
    "sequence": null,
    "submit_button_label": ""
}