{
    "description": "\nOneFuse Upstream Provider for CloudBolt\n\nEnables the execution of OneFuse policies via CloudBolt Actions. Currently\noffers codeless integrations for Ansible Tower, BlueCat IPAM/DNS, InfoBlox\nIPAM/DNS, Men & Mice Micetro IPAM/DNS, SolarWinds IPAM, Microsoft DNS,\nMicrosoft Active Directory, ServiceNow, Scripting, F5 and more. For more\ninformation, visit the <a href=\"https://onefuse.cloudbolt.io/\">\nOneFuse Community Site</a>\n",
    "enabled": true,
    "icon": "onefuse_sO5m4St_iDS0WKR.png",
    "id": "XUI-z31a6qwj",
    "label": "OneFuse",
    "last_updated": "2023-12-01",
    "maximum_version_required": "",
    "minimum_version_required": "8.6",
    "name": "onefuse",
    "package_contents": [
        "onefuse/static/images/onefuse_icon.png",
        "onefuse/__init__.py",
        "onefuse/config.py",
        "onefuse/urls.py",
        "onefuse/globals.py",
        "onefuse/shared.py",
        "onefuse/test_apiwrapper.py",
        "onefuse/views.py",
        "onefuse/migration/onefuse_objects_migration.py",
        "onefuse/configuration/setup.py",
        "onefuse/actions/dns/provision_dns.py",
        "onefuse/actions/dns/deprovision_dns.py",
        "onefuse/actions/servicenow/update_cmdb.py",
        "onefuse/actions/servicenow/deprovision_cmdb.py",
        "onefuse/actions/servicenow/provision_cmdb.py",
        "onefuse/actions/ad/provision_ad.py",
        "onefuse/actions/ad/move_ou.py",
        "onefuse/actions/ad/deprovision_ad.py",
        "onefuse/actions/ansible_tower/provision_ansible_tower.py",
        "onefuse/actions/ansible_tower/deprovision_ansible_tower.py",
        "onefuse/actions/propertytoolkit/provision_ptk.py",
        "onefuse/actions/scripting/provision_scripting.py",
        "onefuse/actions/scripting/deprovision_scripting.py",
        "onefuse/actions/naming/provision_naming.py",
        "onefuse/actions/naming/deprovision_naming.py",
        "onefuse/actions/ipam/deprovision_ipam.py",
        "onefuse/actions/ipam/provision_ipam.py",
        "onefuse/actions/pluggable_modules/provision_module.py",
        "onefuse/actions/pluggable_modules/deprovision_module.py",
        "onefuse/xaas/ansible_tower/build.py",
        "onefuse/xaas/naming/naming_as_a_service_build.py",
        "onefuse/xaas/naming/provision_resource_naming.py",
        "onefuse/xaas/naming/naming_as_a_service_teardown.py",
        "onefuse/xaas/pluggable_modules/f5_build.py",
        "onefuse/xaas/pluggable_modules/build.py",
        "onefuse/xaas/ipam/ipam_as_a_service_build.py",
        "onefuse/samples/cloudbolt_join_domain/onefuse_join_ad_domain.py",
        "onefuse/samples/cloudbolt_join_domain/onefuse_azure_join_domain.py",
        "onefuse/samples/resource_naming/deprovision_naming_resource.py",
        "onefuse/samples/resource_naming/provision_naming_resource.py",
        "onefuse/inbound_webhooks/onefuse_migration_server_id_from_hostname_nic_ip/onefuse_migration_server_id_from_hostname_nic_ip/onefuse_migration_server_id_from_hostname_nic_ip.py",
        "onefuse/inbound_webhooks/onefuse_migration_add_parameters_to_server/onefuse_migration_add_parameters_to_server/onefuse_migration_add_parameters_to_server.py",
        "onefuse/inbound_webhooks/onefuse_migration_delete_parameters_from_server/onefuse_migration_delete_parameters_from_server/onefuse_migration_delete_parameters_from_server.py",
        "onefuse/inbound_webhooks/onefuse_migration_server_id_from_vcenter_uuid_vm_uuid/onefuse_migration_server_id_from_vcenter_uuid_vm_uuid/onefuse_migration_server_id_from_vcenter_uuid_vm_uuid.py",
        "onefuse/templates/onefuse_admin.html",
        "onefuse/templates/tab-documentation.html",
        "onefuse/templates/server_tab.html",
        "onefuse/templates/tab-connectioninfo.html",
        "onefuse/static/images/onefuse_logo.svg",
        "onefuse/README.md",
        "onefuse/xaas/README.md",
        "onefuse/samples/README.md",
        "onefuse/inbound_webhooks/onefuse_migration_server_id_from_hostname_nic_ip/onefuse_migration_server_id_from_hostname_nic_ip.json",
        "onefuse/inbound_webhooks/onefuse_migration_server_id_from_hostname_nic_ip/onefuse_migration_server_id_from_hostname_nic_ip/onefuse_migration_server_id_from_hostname_nic_ip.json",
        "onefuse/inbound_webhooks/onefuse_migration_add_parameters_to_server/onefuse_migration_add_parameters_to_server.json",
        "onefuse/inbound_webhooks/onefuse_migration_add_parameters_to_server/onefuse_migration_add_parameters_to_server/onefuse_migration_add_parameters_to_server.json",
        "onefuse/inbound_webhooks/onefuse_migration_delete_parameters_from_server/onefuse_migration_delete_parameters_from_server.json",
        "onefuse/inbound_webhooks/onefuse_migration_delete_parameters_from_server/onefuse_migration_delete_parameters_from_server/onefuse_migration_delete_parameters_from_server.json",
        "onefuse/inbound_webhooks/onefuse_migration_server_id_from_vcenter_uuid_vm_uuid/onefuse_migration_server_id_from_vcenter_uuid_vm_uuid.json",
        "onefuse/inbound_webhooks/onefuse_migration_server_id_from_vcenter_uuid_vm_uuid/onefuse_migration_server_id_from_vcenter_uuid_vm_uuid/onefuse_migration_server_id_from_vcenter_uuid_vm_uuid.json"
    ],
    "version": ""
}