{
    "any_group_can_deploy": false,
    "auto_historical_resources": false,
    "blueprint_image": "/static/uploads/blueprints/Gear.png",
    "custom_form": "FRM-vnykbhxy",
    "deployment_items": [
        {
            "action_name": "Services Broker",
            "continue_on_failure": false,
            "deploy_seq": 1,
            "description": "",
            "enabled": true,
            "execute_in_parallel": false,
            "id": "BDI-dheu59tp",
            "name": "Services Broker",
            "run_on_scale_up": true,
            "show_on_order_form": false,
            "tier_type": "plugin"
        }
    ],
    "description": "",
    "favorited": true,
    "has_custom_form": true,
    "icon": "Gear.png",
    "id": "BP-qp3pg32a",
    "is_manageable": true,
    "is_orderable": true,
    "labels": [
        {
            "color": null,
            "icon": "Gear.png",
            "id": "TAG-ascpxvf0",
            "image": "/static/uploads/tags/Gear.png",
            "name": "Service Broker",
            "sequence": 0
        }
    ],
    "last_updated": "2024-03-27",
    "management_actions": [],
    "maximum_version_required": "",
    "minimum_version_required": "8.6",
    "name": "Services Broker",
    "resource_name_template": null,
    "resource_type": {
        "icon": "",
        "id": "RT-0yro5q03",
        "label": "Service",
        "lifecycle": "ACTIVE",
        "list_view_columns": [],
        "name": "service",
        "plural_label": null
    },
    "sequence": 0,
    "show_recipient_field_on_order_form": false,
    "teardown_items": []
}