{
    "any_group_can_deploy": false,
    "auto_historical_resources": false,
    "blueprint_image": "/static/uploads/blueprints/kubernetes_icon.png",
    "deployment_items": [
        {
            "all_environments_enabled": false,
            "allowed_os_families": [
                "Oracle Enterprise Linux"
            ],
            "applications": null,
            "deploy_seq": 1,
            "description": "",
            "environment_selection_orchestration": null,
            "execute_in_parallel": true,
            "hostname_template": "cb-k8s-worker-00X",
            "id": "BDI-od0wfz3q",
            "name": "Workers",
            "os_build": {
                "href": "/api/v3/cmp/osBuilds/OSB-lcb8fmtl/",
                "title": "Oracle Enterprise Linux 8"
            },
            "restrict_applications": false,
            "show_on_order_form": false,
            "tier_type": "server"
        },
        {
            "all_environments_enabled": false,
            "allowed_os_families": [
                "Oracle Enterprise Linux"
            ],
            "applications": null,
            "deploy_seq": 2,
            "description": "",
            "environment_selection_orchestration": null,
            "execute_in_parallel": false,
            "hostname_template": "cb-k8s-control-00X",
            "id": "BDI-462h8auh",
            "name": "Controller",
            "os_build": {
                "href": "/api/v3/cmp/osBuilds/OSB-lcb8fmtl/",
                "title": "Oracle Enterprise Linux 8"
            },
            "restrict_applications": false,
            "show_on_order_form": false,
            "tier_type": "server"
        },
        {
            "action_name": "Install Kubernetes Controller Node",
            "continue_on_failure": false,
            "deploy_seq": 3,
            "description": "",
            "enabled": true,
            "execute_in_parallel": false,
            "id": "BDI-udtn0vmx",
            "name": "Install Kubernetes Controller Node",
            "run_on_scale_up": true,
            "server_tiers": [
                "Controller"
            ],
            "show_on_order_form": false,
            "tier_type": "script"
        },
        {
            "action_name": "Output Kubernetes Join Command",
            "continue_on_failure": false,
            "deploy_seq": 4,
            "description": null,
            "enabled": true,
            "execute_in_parallel": false,
            "id": "BDI-gquwd87m",
            "name": "Output Kubernetes Join Command",
            "run_on_scale_up": true,
            "show_on_order_form": false,
            "tier_type": "plugin"
        },
        {
            "action_name": "Install Kubernetes Worker Nodes",
            "continue_on_failure": false,
            "deploy_seq": 5,
            "description": "",
            "enabled": true,
            "execute_in_parallel": false,
            "id": "BDI-6zgszt3j",
            "name": "Install Kubernetes Worker Nodes",
            "run_on_scale_up": true,
            "server_tiers": [
                "Workers"
            ],
            "show_on_order_form": false,
            "tier_type": "script"
        },
        {
            "action_name": "Get Kubernetes API Token",
            "continue_on_failure": false,
            "deploy_seq": 6,
            "description": null,
            "enabled": true,
            "execute_in_parallel": false,
            "id": "BDI-r2depilb",
            "name": "Get Kubernetes API Token",
            "run_on_scale_up": true,
            "show_on_order_form": false,
            "tier_type": "plugin"
        }
    ],
    "description": "",
    "favorited": false,
    "icon": "kubernetes_icon.png",
    "id": "BP-4ra30hjp",
    "is_manageable": true,
    "is_orderable": true,
    "labels": [],
    "last_updated": "2025-01-10",
    "management_actions": [
        {
            "enabled": true,
            "label": "Get Kubernetes API Token"
        },
        {
            "enabled": true,
            "label": "Get Nodes"
        }
    ],
    "maximum_version_required": "",
    "minimum_version_required": "8.6",
    "name": "Kubernetes Cluster",
    "parameters": [
        {
            "allow_multiple": false,
            "available_all_servers": true,
            "constraints": "Unconstrained",
            "description": null,
            "destination": "Both",
            "field_dependency_controlling_set": [],
            "field_dependency_dependent_set": [],
            "global_options": [],
            "id": "CF-v3u9t7xw",
            "label": "Expiration Date",
            "name": "expiration_date",
            "options": [],
            "placeholder": null,
            "relevant_osfamilies": [],
            "required": false,
            "show_as_attribute": false,
            "show_on_servers": true,
            "type": "DT",
            "value_pattern_string": null
        }
    ],
    "resource_name_template": "cb-k8s-00X",
    "resource_type": {
        "icon": "fas fa-dharmachakra",
        "id": "RT-pjkzef06",
        "label": "Kubernetes Cluster",
        "lifecycle": "ACTIVE",
        "list_view_columns": [],
        "name": "kubernetes_cluster",
        "plural_label": "Kubernetes Clusters"
    },
    "sequence": 0,
    "show_recipient_field_on_order_form": false,
    "teardown_items": []
}