{
    "any_group_can_deploy": false,
    "auto_historical_resources": false,
    "blueprint_image": "/static/uploads/blueprints/tools_icon_cv5KTJj.png",
    "deployment_items": [
        {
            "action_name": "Service Broker Custom Form Builder",
            "continue_on_failure": false,
            "deploy_seq": 1,
            "description": null,
            "enabled": true,
            "execute_in_parallel": false,
            "id": "BDI-20d51wp2",
            "name": "Service Broker Custom Form Builder",
            "run_on_scale_up": true,
            "show_on_order_form": false,
            "tier_type": "plugin"
        }
    ],
    "description": "Use this Blueprint with the Service Broker Blueprint to create a custom form tailored for dynamically deploying other Blueprints.",
    "favorited": false,
    "icon": "tools_icon_cv5KTJj.png",
    "id": "BP-uvhfiqcf",
    "is_manageable": true,
    "is_orderable": true,
    "labels": [],
    "last_updated": "2024-03-27",
    "management_actions": [],
    "maximum_version_required": "",
    "minimum_version_required": "8.6",
    "name": "Services Broker Builder",
    "resource_name_template": null,
    "sequence": 0,
    "show_recipient_field_on_order_form": false,
    "teardown_items": []
}