{
    "description": null,
    "enabled": true,
    "icon_url": "",
    "id": "XUI-j7pttkcw",
    "label": "Ansible Automation",
    "last_updated": "2022-12-30",
    "maximum_version_required": "",
    "minimum_version_required": "8.6",
    "name": "ansible_automation",
    "package_contents": [
        "ansible_automation/forms.py",
        "ansible_automation/__init__.py",
        "ansible_automation/urls.py",
        "ansible_automation/views.py",
        "ansible_automation/config.py",
        "ansible_automation/shared.py",
        "ansible_automation/inbound_webhooks/return_options_for_environment/return_options_for_environment/return_options_for_environment.py",
        "ansible_automation/blueprints/ansible_template_blueprint/ansible_automation_job_template_override_resource_params/tower_job_template_override_resource_params.py",
        "ansible_automation/blueprints/ansible_template_blueprint/set_servers_in_resource_to_historical/set_servers_in_resource_to_historical.py",
        "ansible_automation/blueprints/ansible_template_blueprint/ansible_automation_job_template_from_extra_vars_dict/tower_job_template_extra_vars_dict.py",
        "ansible_automation/blueprints/ansible_template_blueprint/create_servers/create_servers.py",
        "ansible_automation/recurring_jobs/check_for_new_declarative_forms/check_for_new_declarative_forms/check_new_forms.py",
        "ansible_automation/__pycache__/__init__.cpython-39.pyc",
        "ansible_automation/__pycache__/urls.cpython-39.pyc",
        "ansible_automation/__pycache__/views.cpython-39.pyc",
        "ansible_automation/__pycache__/forms.cpython-39.pyc",
        "ansible_automation/__pycache__/xui_utilities.cpython-39.pyc",
        "ansible_automation/__pycache__/config.cpython-39.pyc",
        "ansible_automation/__pycache__/shared.cpython-39.pyc",
        "ansible_automation/recurring_jobs/check_for_new_declarative_forms/check_for_new_declarative_forms/__pycache__/check_new_forms.cpython-39.pyc",
        "ansible_automation/templates/admin.html",
        "ansible_automation/templates/form.html",
        "ansible_automation/templates/tab-connections.html",
        "ansible_automation/templates/tab-forms.html",
        "ansible_automation/templates/tab-docs.html",
        "ansible_automation/templates/form_new.html",
        "ansible_automation/templates/form_edit.html",
        "ansible_automation/static/i18n/BR.png",
        "ansible_automation/static/i18n/GERMANY.png",
        "ansible_automation/static/i18n/GREECE.png",
        "ansible_automation/static/i18n/ISRAEL.png",
        "ansible_automation/static/i18n/KOREA.png",
        "ansible_automation/static/i18n/SAUDI.png",
        "ansible_automation/blueprints/ansible_template_blueprint/Ansible_Icon_m1SO7Sw_zk5aF77.png",
        "ansible_automation/static/js/survey.jquery.min.js",
        "ansible_automation/forms/aws_machine.json",
        "ansible_automation/forms/azure_linux_machine.json",
        "ansible_automation/forms/azure_windows_machine.json",
        "ansible_automation/forms/file_list.json",
        "ansible_automation/inbound_webhooks/return_options_for_environment/return_options_for_environment.json",
        "ansible_automation/inbound_webhooks/return_options_for_environment/return_options_for_environment/return_options_for_environment.json",
        "ansible_automation/blueprints/ansible_template_blueprint/ansible_template_blueprint.json",
        "ansible_automation/blueprints/ansible_template_blueprint/ansible_automation_job_template_override_resource_params/ansible_automation_job_template_override_resource_params.json",
        "ansible_automation/blueprints/ansible_template_blueprint/set_servers_in_resource_to_historical/set_servers_in_resource_to_historical.json",
        "ansible_automation/blueprints/ansible_template_blueprint/ansible_automation_job_template_from_extra_vars_dict/ansible_automation_job_template_from_extra_vars_dict.json",
        "ansible_automation/blueprints/ansible_template_blueprint/create_servers/create_servers.json",
        "ansible_automation/recurring_jobs/check_for_new_declarative_forms/check_for_new_declarative_forms.json",
        "ansible_automation/recurring_jobs/check_for_new_declarative_forms/check_for_new_declarative_forms/check_for_new_declarative_forms.json",
        "ansible_automation/parameters/import_parameters.json",
        "ansible_automation/static/css/survey.css"
    ],
    "version": ""
}