{
    "any-group-can-deploy": true,
    "auto-historical-resources": false,
    "build-items": [
        {
            "action-name": "Create AWS CloudFormation Stack - Prompt Params",
            "continue-on-failure": false,
            "deploy-seq": 0,
            "description": null,
            "execute-in-parallel": false,
            "name": "Create AWS CloudFormation Stack - Prompt Params",
            "run-on-scale-up": true,
            "show-on-order-form": true,
            "type": "plugin"
        }
    ],
    "description": "Create and manage AWS CloudFormation stacks, pull the content from GitLab. Note, this currently only supports JSON formatted CloudFormation Templates. This sample showcases how to present individual params to the end user.",
    "favorited": false,
    "icon": "cloud_formation.png",
    "is-orderable": true,
    "management-actions": [],
    "name": "AWS CloudFormation - From GitLab - Individual Params",
    "resource-type": {
        "icon": "fab fa-aws",
        "label": "CloudFormation Deployment",
        "lifecycle": "ACTIVE",
        "list-view-columns": [],
        "name": "cf_deployments",
        "plural-label": null
    },
    "sequence": 0,
    "show-recipient-field-on-order-form": false,
    "teardown-items": [
        {
            "action-name": "Delete AWS CloudFormation",
            "continue-on-failure": false,
            "deploy-seq": -1,
            "description": null,
            "execute-in-parallel": false,
            "name": "Delete AWS CloudFormation",
            "type": "teardown_plugin"
        }
    ]
}