{
    "any_group_can_deploy": false,
    "auto_historical_resources": false,
    "blueprint_image": "/static/uploads/blueprints/azure_vm_tBfqRnD.png",
    "deployment_items": [
        {
            "action_name": "Onboard Azure VMs by Resource Group",
            "continue_on_failure": false,
            "deploy_seq": 1,
            "description": null,
            "enabled": true,
            "execute_in_parallel": false,
            "id": "BDI-vp2wprni",
            "name": "Onboard Azure VMs by Resource Group",
            "rate": null,
            "run_on_scale_up": true,
            "show_on_order_form": false,
            "tier_type": "plugin"
        }
    ],
    "description": "A CloudBolt Blueprint that allows you to select multiple Azure Resource Groups and onboard all servers found in that resource group to a specified CloudBolt Group.",
    "favorited": false,
    "icon": "azure_vm_tBfqRnD.png",
    "id": "BP-2qz30ejo",
    "is_manageable": true,
    "is_orderable": true,
    "labels": [],
    "last_updated": "2025-08-15",
    "management_actions": [],
    "maximum_version_required": "",
    "minimum_version_required": "8.6",
    "name": "Onboard Servers By Azure Resource Group",
    "resource_name_template": null,
    "sequence": 0,
    "show_recipient_field_on_order_form": false,
    "teardown_items": []
}